loan_id,loan_outcome
0A85D71CC27C,2
93F8471DA454,2
2C6AE76914B9,1
E86BBB285090,1
13D3C147E04F,0
EA0D53B379E2,0
DBAE32D180AF,0
2182ECE507AB,0
71ED1D1DE480,0
E830FF76EAE9,0
25B53CDA490C,0
6306671F5F63,1
5792D369F6D6,2
D7FA842D6D2B,1
865B3CD5E125,2
DB34FFECE713,0
A02A446551F8,0
19F501624543,2
C7A5E0D69025,1
624F45477D94,2
AB85FA31A496,0
5094B6181234,0
8EAF3E95A617,2
E8ACD4193AAE,2
4C41DA620D45,1
6495D592E0C0,1
0BB02F9D7DC6,0
1D069E15B0E2,2
3B4DAE969A21,1
5AA4E603D275,2
E8D92EC78E14,2
8BA14C8AFDBE,0
5BBCAA0D05AE,2
05EB8BEC47BD,0
46F580B3D9FD,2
0FA64328111C,1
F85228E02065,1
BB21F576818F,2
B5AEAEAA606A,2
54CC64B8C8F0,1
0DBE3B47CA5B,1
7DF09C0A315B,1
89D544558D8C,2
B71FE52927A1,2
CFB05F707FE0,2
DC784E01FB87,0
090E2547EE68,2
EDD10C8B8316,0
3036A3C7583F,0
5273C45447C8,0
35A4851A2D72,1
9F54D9E96BA2,1
8E8F843383DE,2
0821CCDFA2BD,0
86C68741FE39,1
710A65375C3F,0
967D5DBFBCDD,1
370FEFD085C6,1
809171060EF6,2
8B1286264A29,0
913109B61AAE,1
86F190B9AFDD,2
BE9505522A00,1
BCE21F2027AD,1
581BE62A14A0,0
AA29861C59B2,2
8EC7975CDD28,0
5B1EB5699837,0
8965594A3D43,2
86EC4E91881D,0
1B1880E715F0,2
0AD7830E7F56,2
116090F4A291,0
F36996E97B83,1
47A75EA75042,2
12F1CC433ECB,0
4E1A82C1F3AE,0
3ED3C67F1304,2
C4660A7CC585,2
503AB94FD2A6,0
25E026F5AFD1,1
EFC21D6D5413,0
6FE5E8F5F02A,2
72AC8FD00FA5,2
DCD69D181DB0,0
2482AC24E0FE,1
D88B416E8EB3,0
988839797D50,2
90A1DED38B0D,1
9CD82DF36C5C,2
12034DE584EA,2
17E11F970A69,0
2FE8C8F27326,1
730013D9F317,1
D2874D697DFC,2
5EC1BF91B3F9,1
F63FDC72DB4D,2
37A7BA201CE0,1
FF9F2D3C72C3,1
4C007CDD3307,0
712952DB88A3,1
2EE3C6689186,2
3FAEB6EF0BF9,2
F942DB774775,0
D00FA31D42F9,1
4D0A158DE5FD,0
327F3490A66A,1
D5D6ACFB89D2,0
A5EF32E5F6FF,1
1D854301F1F0,2
478C123DB1B8,1
F69B2CED9784,0
B707EB4DA177,2
B03C7FBCC4FE,2
F0D145EE8544,0
359AB334D11E,2
5730B710CA2A,0
643D3AA236EA,2
97F1DF311339,1
C4281474EA0A,0
4C71B8695A25,0
91F3EB124DF1,1
EF428D55912F,0
2B691548DF2A,2
5EA5EDDBE362,0
31C02C35D9CF,2
38685E1027D1,1
38DEEFB6CA21,1
6BBBC1556B41,0
ABFDC81B9EFB,0
434188634338,1
AC95B3381EA8,0
CD560EB70B8E,2
C6B23622B568,1
8615F97E71DE,0
2BAD9F73EC46,0
9B54DA9F7C73,2
7A59A674AA43,1
5676F4A3A188,2
4EA51DF23F82,2
0522B7F90B23,0
6F14A6A689DB,0
AE9F9C9ABA3B,2
88E6A45980BC,2
F42A6636C203,2
DC90A907FDD7,2
D54B365E1D7C,1
E7531B6BCE87,0
4C5BB89E3DEA,0
4DA587822124,1
D08B674B735E,2
B1EC3CC2E6C3,1
C5FBF5CE1001,0
652ACF5D024B,2
4D9AFC7498A3,0
627112186020,2
5A51986C852E,2
01869026BE31,0
E1121A2CE994,0
27B4CF7CE174,0
F1023235C68E,2
B770181A17C7,0
465B8504496F,1
D6EAEB7322E2,1
6EED11609123,2
8706F46F0FC3,1
69A68FA7B33A,2
9631DB9F813A,0
A5FB6C898688,2
CD20D25782CF,1
203AD83FB7E0,1
D16B75F4AF11,2
3E03AB02E110,2
F7C3B2127CE5,1
8C15C977B35D,2
3D32E07F361E,1
DAD1AC22F98E,1
268CAF38678C,1
DD91123AE96C,0
7C5419F92637,2
D9385DEF62F7,1
8C6BAF693316,1
6076EFA928B2,2
60DAABDD1506,0
214D637A709B,2
128CB9226622,2
362A5F46C3DE,2
81B2748E3368,1
D397C23D9816,1
3A90F2745FFD,2
C3E743016644,2
45DAB746F3FB,1
C33115999D8A,1
3AFD2C4C9F3E,0
0C6F71931B55,0
37B6165CE2ED,0
65C7E5C6A177,2
2D0240CB536E,2
CF7241A237C5,0
DDDC3C050C61,1
03C66CC90CD3,0
BBFE9CEC1E04,1
DBB904026149,2
663F06BF52DE,2
F5D237E2A51C,0
698916DED2D8,2
A02F73BE3DB1,2
3B4544C2F521,0
B0AFFA940F36,2
0DF1AC2E2443,2
D8494E8668C4,2
3277FA369503,0
2A61A7A8567C,1
CFA9CB81607C,0
35EB35C3F32F,0
34ADC7FA35F7,2
24A556389EC4,1
87E8E993E737,1
89B73A431FB5,2
1BECED1B3DE5,1
074ED43A2F00,2
0ADBA2A2D46C,1
12EB7D92D8E3,2
CC97361BEA81,1
F264F068C15D,1
A0EE6CFC7A44,2
BB6FD4D34DF1,2
28D381D8F6CF,2
CA74829CACC1,0
2F6D703C3D26,2
C821B4A53D8D,1
5814F7A1F721,2
AD702035676B,1
8C81AC951DDF,2
EF79FE5D20CE,0
5F6D5FACAA2A,2
850784F76E02,0
75EEA0E636B3,1
74A243EDF46C,1
855AB90DDAC4,1
B1E2CE638C92,1
E2664A964005,2
FD5648E95D67,1
785C0D8456E6,2
7369974D4B85,0
238C4EE8D890,2
1551532203BC,0
523A77080357,2
78306FCEB962,1
DBF8496072FA,2
ACB43BA901EF,0
055BFAFA2575,0
84561BE739D8,0
96DAA92A498C,0
BEB6DE052A75,0
480365232AD7,0
B31574CD9BD1,2
EF7C002DB4D5,0
CD8AF0D98BDE,2
976352E5B625,0
AFD65155EC78,0
4F2B40863431,1
731CEBD370A3,1
8DFE47EFBA40,0
E0F12528AD76,1
C0CB17E738AF,0
4D7403342030,0
300F5625FE4B,0
394540022F4A,1
0E54CF6A7189,0
6F697D6B32C2,1
00B32BAA25C6,0
6F0AC8D6D94C,0
C52F39F4CEE3,1
913AC89C93EC,0
8464607BDFC9,2
943AFCFD7E5A,0
33AF59E8715A,1
0B119EA3C495,2
BBAC460F1648,2
C60D940048BA,0
C33F07B7AB97,1
3D9E58EEB70F,0
6CB367B9B8BD,0
99522A2DB37A,1
B15853B19D6F,0
AD84A8AC7B3A,2
9062818BDCAE,2
5055398C8EEF,1
061C8A3718F1,2
8FE8A4E742BE,0
5B63AA98E29F,2
CD6C9F68A0BB,2
0D6A72F21D6C,0
CFC0E19423E3,0
FB953DAB345B,0
6D1D9FF139D0,0
6C124CC77CB4,1
D5E6A54A6862,2
6458F25B1D5F,2
89EAB13CC030,0
5E70803D8B74,2
E5DA33CF4C67,0
88582A76EC72,0
73EF656F3D7D,2
15E49611BA6E,1
C97A14B1207D,2
F518FEB56B8F,0
2C2044D431F6,1
4FCBD9E02ECE,0
C1C972E01893,2
1BA3A3E5A7F0,1
7B227330FE88,1
741EEDC5450B,1
35CE69F347E7,2
2998DF088C4C,2
22C323FDEF15,1
B48E52639B05,2
A21C1A6D2B0D,1
2D26614B6513,2
53055924F208,2
48FAA076D9D2,0
287079CF927F,0
BA76F05061CE,0
9F291395EECC,0
FC611E84EC18,1
7FBEFE6E99F9,0
68C1D515F1B1,1
92BB09A6F9D5,2
4B952E610E69,0
5ADBC607FCDB,0
01778EDE0DA2,2
3B0C0398F6B9,0
BA8053ED4D5B,1
3D6BEE6B0568,1
EA745A091523,1
81495916FD51,2
9789AA93EEB1,0
7D1927D41036,0
2DD699AE2206,0
6BF306C0AA4C,0
61C6ED3FC065,0
FCC9BA148D4D,0
8A3C35FA837A,2
B7769BC395EC,2
5083F68A60AB,1
1B78119BDB68,2
402E1CC9C416,0
BE3967CF2E83,2
3498F85B9DD4,2
E9809A3C57E5,2
3FE0913F936B,0
04F252027558,1
A80ED754F42D,2
73627C35363B,0
CD6757921C40,0
71456A04BF6C,0
E91199B8D977,1
5284304183A7,2
5840F8CB4551,2
5839F05B4061,0
2CC7CAA0EF57,0
6B59981C1956,0
349F6322E6C8,1
53292B8CB5BC,2
F2B71F1FF15C,1
D3605B61EA4D,0
4F7FF3F51DE2,0
6533F945DE32,1
9DB85BD455DB,0
E1ADC4C8AE95,2
A1848912DB2C,0
956745919A9F,0
53B4949056E4,2
D06B1063E168,0
7FC6FBC505EB,2
B404D75FDC10,1
9550C19EB70D,1
32D2CD980382,0
62177F2BE592,0
6C41D6A59770,2
F071CA7679B3,2
1E3FFC22987D,2
7FE288A5B2C9,1
2D9202E94E8E,1
2602895344A0,2
3A8DE115C295,0
981F64496E56,0
DE76E20A7423,0
F62C5CA60562,2
D71F17700F86,0
76DEBA469102,2
33B0F4571291,0
1FE2A46DAAEC,1
09B419D578A3,0
C32231DB0F87,1
B2ACEFB5FA3A,0
5AAF3A3A9064,1
9BC6DCD7BCAE,1
691CDA587290,1
6CC6A0254792,0
9E9EAFFC0866,0
5562DCD83EC4,1
2CE65CD35E56,0
9A0809A2F513,1
6F13E5F6BEEA,1
456333BDCD5A,0
1F754070B022,1
2B366B4DD8A1,1
869BF9C400C6,0
8B92581D8AC3,0
6128C04D1766,2
DC82C995DCBF,2
01F7BAA79BAC,1
754FB75A1BF2,2
D43CDE3281E4,0
AA641943BD12,1
9EF1E41612C6,0
F991DDFAAAF9,2
E1AEA5F2B9A6,0
CAED9ED0668E,1
FA2091DD240B,2
77F289BF3BE8,1
634D3167E2F4,2
23586D6517CA,2
3CB1D3666BAE,2
20A2B628BA1D,0
D481248ECA60,1
ABD4EF8A2C87,1
E4188CD58932,1
466C7C8C9DDA,0
6F21F3E24C50,2
0BC2395DA622,2
83F42B68B7E9,0
D5FC8A149CC5,2
9FB7C55E2D4E,0
D11CF5AC5AD4,2
C1C930BE9DD4,1
9F94B18299C7,0
3FADD887B77D,0
076D3096843B,0
CF9CEDA46800,1
E327F8ECA25A,0
8CE29950751E,0
2F33313F8EF2,0
6DBDC0D794BF,0
EF442362A67B,1
23034E1DE3C3,2
FEF4D23E7172,0
0AAAFD3EAC73,2
EACE3B4E02BE,0
D904F6664C57,1
70774453BE9A,0
8ED5AD7BA5D7,0
0CDE991DCECA,2
24CC0DBDE1F6,1
23341F3181C4,2
109D1178C670,2
413B95C65C5E,0
DA595482F4CC,0
5800C2BA5D4C,0
12A9E5E71080,0
A4FE6EFD24AE,1
B1AAE6E04F44,0
18FBBC09ECE1,2
58D1F7AF4AD0,1
3F9368C97E2D,2
A02130A831BC,2
2ED2BBC2270F,0
26FE1F151A63,2
A765E917F414,1
57D47E18B058,0
C569FF52448F,1
58FD48A65EEF,2
B0C998DAD8CE,1
823642C2C827,2
139E0BDB06AF,1
A6C2B8D5ACCA,0
C2E999EB476C,0
BFE464B9E521,2
A5015A75BDEE,1
27A61163277A,2
70A64C99D76F,0
359B5A9BC356,2
868BB059DBCA,0
1C506F7DC6FC,2
DA4D10B6D708,0
D3F4BB9D6115,2
77FC68C61A19,0
BE506C364757,0
B201D290D7D2,1
093FEAF843D7,1
2DA7EFED39DE,0
C3F5E148B29D,1
65D01470112A,0
F7869F889F7E,2
285AC1B84EE0,0
505EE63780E7,1
DC4726EF4B0E,0
B011EF34BC99,0
80AD3E3DC915,0
7001A13BE94B,0
9446DBA0178D,1
A627F07A9C83,2
6D0FC704D0E0,1
A88243B11EC4,0
05ACFFF4AB4C,0
D499790A42E5,1
08782CD77661,1
FD3E3868D3ED,0
DFEDA38B150C,1
656D2ED16432,1
D974DF19D710,1
71863F3A000A,0
A2939DEFBA77,2
0CF234095851,0
5CC8F9B79FFC,1
A68AE7E934E1,1
F56F0B162424,0
0F90C316363F,0
9FDE235ABCF8,1
A01EEBD19F15,2
56AEB9459511,1
A00BCB1E00E4,0
F9486AECBB3C,0
767250E50A64,0
FE66A18DA2C8,1
2A0D6E586DAD,1
BB908378CC0C,0
1E5CBDB7709C,0
66D39F9B26AE,1
5D83E0DE99DF,0
268FFA38A194,0
7FD4C82AFC1D,0
349F84C2BC98,2
C81B9C00484D,1
218D87055865,1
2207C9652114,2
59C60064332C,0
65A9446169AF,0
1F10D03D8434,0
F2909B8421AF,1
50E58BC39554,0
887D4777AF67,0
4041A9E969BC,2
92DA9005E38D,1
6B59A22CE8C8,1
F495530991DA,2
51136F840566,2
EFAE5674C28C,0
4BDA851436A0,2
77296C9EBD09,2
9CB505E0420E,2
350CE1990AD6,2
5D509528AE03,1
7DF89F7CFE43,1
DDAE77A9A7FC,2
4E02C07EE965,1
8929829E377E,0
2F8FC4A9D762,0
75800CF94A56,0
878E2A641DB3,0
C388D3DD9715,2
B3B12C815BFF,1
4DC4059AF67F,1
E30CA499BFDF,2
D2828DD8C282,0
36BB26E86AD9,2
FC0F02CD4A63,1
96498628920A,0
CDDE4C13234A,0
E080D1554ABB,2
02AADC98761A,2
7B2F3872BA4A,2
0973D455F536,2
3181DC07450A,0
A2518E40F40C,0
782B9E446F33,2
93DD4A9DD295,0
6E5B700485B7,2
FAA2E4FECC30,1
F9A5CC213AE2,2
830999D15C4A,0
70E2D63F81B4,1
2D89A3E121F5,2
DD047735A187,2
18A2D8DD0B45,2
3EDA0445FD9A,2
F86C318D47EF,2
1BB9480AA66C,2
571D67C3CFB0,1
37AFB99D3FE3,1
AF5451469DC6,1
9089FB331DC3,0
08F60F1DDB51,2
0DA43529A716,0
BA9EF12B9D76,2
86FE7A37212D,0
51893A62CAE7,1
30DC7D8D58F4,0
57D4E96BBC54,0
E8C6751FFA0A,2
EFBAB1E611AF,1
62F18EEE1670,0
F2F13906957B,0
4E554316046E,1
3FACFB6696FF,0
014CCB676007,2
D4B7B9177F91,2
462C6416000B,2
A8216B48CD7D,1
ADE82626A105,2
7F5D7CF82456,2
F1A68055FA01,2
3458A703F7D3,0
38334F29A540,1
1B8B476DCF0F,0
4548C124623A,1
6254189778A7,1
63E3B8287402,1
870E0775039E,0
193067A1BD77,1
0F6BC60D184B,0
9B1309CE4276,1
A1089863E59C,0
97B97A5CB51A,1
C77FDEDB156D,0
E45C8742446E,2
F58D8CB2D076,0
5A5A4254DB43,2
59E524881C01,0
DE21036745E6,1
49B68331E85F,2
C915CEE86034,0
BE5832838467,2
31F130057873,1
6745F4E5894B,2
520371E8D728,2
673D5BC52E80,0
B2575A4E92DE,1
D5298C2D220F,1
B4F015C2ABF5,1
5FE4E8549DDE,1
53C5E68446FE,0
53A684225117,2
48836C2FE781,2
5EA6CB3C8544,0
ACF78E3118B4,0
64B3F63FDC7A,0
0171C6DA519F,0
564A3A13626B,1
DD47FA2AFF5A,1
D77856156BF9,2
4CE0AC5E5803,0
C6CDE7ACC283,0
569015F1DBE4,2
CD469B4EE5E7,1
C4763B824ACA,0
B0F2C90F787B,1
D46DF84315D4,2
727F41C9D3AD,2
A87A032D056C,0
5D836028A5EB,0
DF6327C319E8,0
AD366BA8493A,1
61A5C8B8AB66,0
DEE07688EA63,0
6B808EF2EA5F,0
B67257516DDF,2
0EAE869DE6C5,0
2DFFB72A3DDF,2
78AC934CF7A8,0
E849690E0D23,2
5BCAC589C2F6,0
21922858E26F,1
51A43224F497,1
ED971666B1DD,1
7D16D87C66ED,0
633BAAC4C439,0
50BDCB43B478,2
875C46DE02E6,1
D4D9B1B51DA3,0
E679EE2C7277,1
FB5FA7FD35E1,0
8F24B3EF670C,1
AA5346F3EA1F,2
6197F09155AB,2
F90F7641A866,0
FBEBED5B6E48,1
5FDD579BDBC7,0
54DDA3907A9C,2
862C793A86C3,0
61E41105F2AC,2
D2AD1F777A82,0
7FFDC0386F25,1
66C39BFE9328,2
1000B5554FD2,2
1CA3C2D18E3F,0
923A6D22865D,1
44C431034867,0
9D455A62BF0B,1
0019C45BD194,1
35223AB8F216,1
42FF8E38C49B,0
B2D63B04C0CD,1
3841548A9CEF,2
B937F510944C,2
6D70B2A06B33,1
85B20F4F64E1,2
E763E36302EA,1
800B737A27FF,2
DB6E16900BF1,2
04747D76D1D4,1
081496C5CA9D,2
E501153F06E6,1
C86D9FEC036D,0
EAFB9359545E,1
DEC009B0A923,0
25CA65AC32F1,0
5DDACF426E9A,1
31094C740C2C,1
55A0064C996C,2
F8AAF48507A8,0
BEA5D0B4E1D8,0
FF4D8C55DFFC,0
9E627A03EF54,1
0109B89A432F,2
B1432F964F15,2
B0BB4B151826,1
38B3B47C7790,0
8DDDEA1CF1FA,2
E6810858D449,0
86780E96BF98,2
88E564594E01,1
F8272E0967E9,0
B4F9B9E81423,2
C345962A9E09,0
21A62BED4F0F,1
2851D75CB660,0
5A835B7250C0,1
A8E61440EB4C,2
2BF79F7036B0,1
267F0651A323,0
D1A0D25AC3A2,2
B4620203C72C,2
CAEE38B5C39A,0
3044BB91CAED,0
76467A4CBFFE,1
57DABC519599,1
C97BDD5903D7,2
B2F095EFD63F,0
829533CB0226,0
F755BB91D26D,1
7D51ABCE3EEF,1
315B75C33760,1
8437DA5B395D,1
0F30CFB80143,1
43003223A13C,0
D0D17BA43BB3,1
535B2BA2F496,0
06A2ED1D6E0F,1
F5FE532D0A80,1
19F2319AF8E6,0
BCD0070469E8,1
5C40DCFA88BB,0
8F5EE17FBCBA,1
901354224195,1
2BD033D3BC5A,0
369D333E8406,1
24A937B64863,1
87E8519F895B,2
513DAC0404CC,0
56A47A5032E3,0
175FDAD1763E,0
762CB4A85198,0
4C34ACE5C6EC,1
C3FB6941BC79,0
869F76B8B622,0
F2EF1B8621D5,0
C797295894B5,2
0DF6A782CF8E,1
367D16AF0938,0
8A3FF2EFAFD9,0
6B6F397B6C70,0
58A0402FB8F8,2
D1866E316D74,2
DBB9B1A4F584,0
5D9A12862868,1
111B10EDDE52,1
1B132D4D42EC,1
9BA6C3479D79,2
C597813451F8,2
F56C0BC3274A,0
0EF17ADF9BFB,1
534B71CB8288,2
8CA944E0ED13,2
EDEAB6A2D1ED,1
6619521C05A2,2
578D1A90A135,0
5F845B111F1B,2
A2ACCA5B838D,1
79CE9D0E082C,0
51730489A500,1
51AAFB3A8BD3,1
834A7B77515B,0
3E8F234594F6,2
40B70C0B1F78,1
096940AED7F7,0
3643351F3E31,2
66017C732FA5,2
99E27BEF7490,2
B6E12969ABB3,1
EFA4C8BF3A61,0
3D9601633227,0
2E93DA3506B1,0
AFF0BB08DE16,0
2720A4436FC7,0
B3DC1BA92711,0
FB34EF12220F,1
C844DE0995F1,0
70CE53574664,1
6AF6E3740A96,1
A7E0E5B3E711,1
8922F29E8308,2
1439E16FDC27,0
313D28963A07,0
44B0E01DCACA,1
6F8CA6788E88,1
9014D637654C,2
1F8E902E47A9,1
FC9DEB4EB7F6,1
AE3539E4A7DF,1
2A214650B495,0
17ABC0188943,1
0AAF1269E15B,2
C83480DA27E1,0
C7ACC4E79158,1
10373FBEB211,1
52CDCA7212C1,0
5F26151A6A82,0
2B272DB279D9,2
93EC525C4429,1
9773F9281924,0
14C5D52AD123,0
204D797B2EE5,2
402E939BBF17,1
102DC97B66D1,1
3D47D5C9208D,1
E6538C3D91D8,2
D7C58B9FC23D,2
E7F5C0513EC7,0
DBE5CA3672AF,1
4406359F7E26,2
DADFCA1DC760,0
3F4A9BF12C9F,1
723A09F5B140,0
1799A491E2E4,0
F0EC64C0784A,0
B43BADBDC35A,2
DD36E90177A9,1
246680F9DF8E,1
6DC0E7558472,0
B02B619B5E2E,1
3296C7C22DAF,1
2D7B22ADDB12,2
60B179B4A6E0,0
D05496172E37,2
2BCFF271A4E3,2
C1E97F57CB65,2
DA640F096409,0
46D591E26BCC,0
0ACEDE94E7DF,2
4B5D3D1BCF13,1
7F9F802D0090,2
9D0C25C074AA,2
C3515949E8DF,0
07054EE025C6,2
D2DEDB4B4E31,0
7E15BB439F7E,0
5D397D443D52,0
C0BEB56EA882,0
01B74C8887F9,2
0E10F1F8D8CA,0
E813D028A25E,0
3BFE451DF0E4,2
B7F993229E92,0
0295DC0CE9A5,0
998131D96E8F,0
96B8DF2E6B2A,1
5453EB828F81,2
CB6ABA0A43A0,1
BCDBA787E611,1
3E75134E63C9,0
47DAC9090BCD,2
692051FC9CFF,0
6205F573A87C,0
8A7241AECFD6,0
61135D257E4A,1
7A016A93E353,1
FDE1CC938C8F,1
147C98608F43,1
E32E97C59F61,0
D8F04718D5AB,0
EC87BB38EA3F,1
F64DE9CC6AF3,0
BDE9F589D68F,0
D18283D297AE,1
38DB98B8B3C5,2
92040DC68830,2
6773AD8EAFFD,1
715D93D30491,1
A1D07698D735,0
556538656A3C,2
32CEF0E9382B,1
9D42B10BBDCD,2
3DF1E2E2C374,2
1C7DC9ACF0BD,2
593090CA7A03,2
BCB7E1455869,0
5E2F60C32969,0
B61AFE01E8F9,0
BFA2A348475B,2
A8154EB621FB,0
2C3115854BC0,2
113D6AE82B8F,0
54B91E4A74E8,1
77F4B389D22F,2
C53EB9370AC3,1
CDFA530540BF,0
CF783CA509DA,0
8F8CA30C7CC1,1
F0C7FF6E20ED,2
9A9E5188022F,2
3F4D276809C9,0
63A0A81CFE76,1
F3AC06D67417,0
4EA99498796D,2
8B230576E570,2
AC245ED558EE,1
D544F8C83BB7,2
99027E715720,2
A2BD1D311050,2
E118811B7D33,1
416593EDF021,0
773B45FEE95E,1
E5D84F0E8339,2
1824DAD62DD7,0
DA075CBEC482,0
27E2702590DE,2
C9BC4D7F0B69,1
1D8A122A9DB1,2
45DDAC459FE4,0
A9F3E00F11E0,1
44A1392692F5,0
D7B8F6605BE4,0
81212D4C7A96,0
797D8D57971B,1
B85CEFF92300,0
63806D2020BB,2
C7D8382D7D4D,0
C6E859D5296E,0
6BD2AE1F0952,0
698DE0FDE397,1
D48079F5D704,1
C8209D37D6D2,0
84C72AD12752,1
E9011D08CD13,2
99A09947A531,1
09A786172D59,2
936F2553B828,1
2E79E102C5F4,0
71FEF351E1C9,2
D709C14C251F,2
BECD70FECAFB,2
9636B297A23D,2
47EF462FA5BF,1
16737D439EA9,0
0C8B0DD2E9B4,2
9F62310546D3,2
4DFD04141773,2
05618D3E5DF8,1
25801CDC9E3E,2
DB493A38D55D,0
B327F3E40BB8,0
83D616E08F59,2
A92559076E11,0
C9ADA090F4A1,0
00D1A7D0036B,1
03BCD024652F,0
B9676F2AD36B,1
27BA6A7B7B6B,0
DED42E51F695,2
7A3F8BAD183E,1
32786C142D7D,0
BF6E8D40A62E,1
F1FF5996B29C,0
1B31D6BEB1C2,2
923B7C142018,0
46FD99BAF53D,0
4108BDF86B26,2
BEA1AC5A874D,2
CCE7E2837DAC,1
722936775E63,2
B43CB5546407,1
82275C6FC286,1
0E31EDD3DABC,0
9F24CDB41978,0
36CB0C9260EB,1
6BE01D93D149,2
E6AFF451345E,2
B8CA942E944B,0
748247A7058A,2
247E81F4C407,1
794D51977627,2
E212927F995C,1
6AD6F2287E04,2
62E814F7FF75,2
89E81B38C1A5,2
4519230731B4,1
A50603ACB6E5,2
2622CD3B03AA,0
8A4C3B8D6DC4,0
837D9D5D1749,1
5294539AB7A1,1
DB7D6428343C,0
DBF2624E849E,2
994CD4F404B3,0
A3FCF7BC115D,2
01AD2640223E,0
A065D1EC4AB2,0
DF1CFBD01A64,1
01870C230D0F,1
45FD0A327780,0
FE68AB1D84A9,0
71E4CEE5D25F,1
38D77427D739,0
C9D95B48673F,2
15F35A235F04,2
DDA5876096C0,0
2B7C30EC9CD1,2
97BDF7179B58,0
5DB1125ED3DA,0
18840463910C,2
6720200CDFEA,2
3D630B35B073,0
CABA4A47ACB6,2
80F9608F0B1A,0
B7C1F5BF97D9,1
FAC0C7643B31,0
5296E9E2D33B,0
4E3453143B6A,2
CB67F6F3E089,2
CABBFFDFD105,2
5A557E0F6F20,0
97CA978BBDDC,1
9B4763A71AC7,2
7FE34B8A841C,2
2BB630392A9C,2
7D0A55DCDA88,0
5EB5927C5928,0
681AE9622796,2
AD6C4B234B77,0
61AA087CD66F,2
A266BC784DA0,2
1E45AA7017CB,0
5BA8E52C05BF,1
6DF76F0D5485,1
C03E3404FEFE,2
241529D25579,0
56F37A82A3C7,2
5CB5363928B5,2
910C4674DA8D,1
DB1965C44BF4,2
A75088F7E562,2
24B23F99BF36,1
024D0BFA577B,0
BF80BA5915E1,1
381B659B5BD0,0
848BD990CBC5,2
174ECF404D0F,2
91A24058593E,2
DE41C150D32D,2
848661D0FAF1,1
BD41ACA4818D,1
817FB039BC8D,1
9F1619D336C4,0
26B47A932AA6,2
C62E46E538FA,0
17551601071B,2
FA7E4B368EF9,1
566F87B343A1,2
57C534B52FEC,0
06C10A9F8A63,1
582D7C24DCA9,1
454E441F9724,2
128428162FC6,1
415FF47800D2,1
4436F4A45F17,2
A1D455F6A850,0
9F99AF9F6B5E,0
45F03E9A24FB,2
CF367973ACB4,0
B0A2FC9091C9,1
DA6E8D36EA6B,1
EE70DB53D6D2,1
40487ABC6C6E,1
A4B2BB6DC663,1
CF482E84299C,1
A2A179D7A8F6,0
F30A66B482B1,2
B84E535EFD4C,1
03953ACB9D67,1
66F9AE9A12C8,1
3E4DF0BF579A,0
6C531909F016,1
54EC1A8A2DE6,1
175EE309FDC4,2
114012781E5D,1
D3E4FB48EC50,2
A8F576174634,2
EAE6877F1DF1,2
0D6C40141E1C,2
2C7BFC44A71E,0
8693F418D288,2
3BD770746D5C,2
34EC77285490,1
2B03FB57DA18,0
708E2DABA8B2,2
AE530FE93CEB,2
13DF84FCAB4B,2
52590CC9A062,1
724E974A7F03,2
8608E341090F,1
6176887C3698,2
D64227AF7AFD,0
50451C415CEC,0
B6DD61783822,2
F4CD41ACCDEB,0
0DF30D4EB218,1
9C5CA0DFF277,2
91936B55047A,2
B51A7F0A82F8,0
6CA61C919B32,1
A0A4BD6B4F0C,2
B37D0CCF0DAE,2
914F008DBD2C,2
898087848E07,1
778C4D58C3F8,1
E6BAC3157142,1
4BABDAC8A1A1,0
A2836A2C0F51,1
185998A3F0F3,2
D470363F9C6F,2
F54ECB7592BE,0
9875017C304C,2
553C0AE6929B,0
9DE98B25C552,1
08E5BC728174,2
093442EFD1D7,2
A2E879083FD8,0
CA7D17829B79,1
AD26B2BAA554,0
DE549C157007,0
1EE3950DB716,2
0062E202DF7C,0
ED306C1FB62A,2
69EC7032B6F5,2
76A97C31535D,0
2FDF325F786D,2
7B367A7C05F4,0
F535F7979FC2,0
68608208B6A8,0
19101EFABE91,2
03C0EFA29924,0
43A85D21629C,0
7B95AC90D745,0
1A90C7D141AE,1
545934A7041A,0
8F011979CDEB,2
C28425403307,2
B53DCEA3F539,0
7C608A3F7827,1
CA95A0107E3D,0
34117A38A473,1
9164D8406769,1
B2949D3A01D4,0
CA02099EE6C0,1
2D2563E766CA,1
9962FD680160,0
80D4AD2112FA,0
6685F4B645C7,1
F370B50DA4EE,2
818E889783E9,1
D00DEEEEE1A7,2
464044E191B9,0
3F8C2AC778D4,2
63070B48F97A,2
90C7B0691C3F,1
CAA58BE1EB17,1
632633A9A16B,1
9DB74BCB5A35,0
7B89DF0CC885,0
CA7D8219041C,1
4166729CA04D,0
1E9D218E0A7C,0
13FDB118B2FF,1
9D567A801AB3,0
E8BE1CD31BAF,2
7B2AF6F92802,2
F5C48D650213,0
C8DF3A9AB05D,1
50773A976358,0
8999616B7BFD,1
129C7E4B6492,0
6B1B4FBECFC0,0
1406DF71DD58,2
9D949D02EE92,2
DBC805C88C57,0
E94573F73970,2
58421A54A70A,2
A7B49D09A160,2
312E1A773D98,2
D39DFB08C644,0
1B700970E37F,0
7CEED9D3CFCC,2
597D9EDCB6DC,2
E7B1A8998C07,1
E8831DE34741,0
396BA28E371F,0
9CFA201BDCDC,0
E98D9ABA8A43,2
61AF99F8600B,2
6710FEA574A9,0
AF81C0FAE49D,1
E3E622CDFF93,0
48FA5D99F71D,0
0B38FDCD8D08,2
2E25DBB68BD9,2
45EC7EA09A27,2
5364BC573B05,2
A5622CEBDDC6,0
1C515C36D237,1
DC8255AA2106,2
F866F84B36D7,0
12972F6DCE71,1
CFC5800BF378,2
45A757A42D9B,1
02859FE24E6E,1
91C5B49D51D7,1
9BFD983B1326,2
2508D2A931F3,1
47ED573EA301,2
3E0A62794A23,0
60EE1B80D277,2
BCAAA6889187,2
279347A4300D,0
68FD9007B26B,0
F6EDA0AF6AD9,2
63B66EBA91D1,2
91934E0D82DB,2
E7F342489763,0
80597C97C082,2
18450572375A,2
4A07EDBDBBF7,1
D6361419E4FF,1
05613508D95B,2
6F62E9B2CA66,1
B50E79FF85BD,0
0C7A1527C2B5,0
0C9156707AD1,1
433580FFE689,1
2B51110C68C5,0
071FD9CA87FD,2
C53D8F7A9FF9,2
E6F0CF654D8B,0
D70664D2947E,1
FF75D5B7BF7C,0
B79462CCE93E,0
DC0B42B5DD33,2
1B1EDCC8497D,0
52ABECC33ED4,2
330DC18F8FFC,0
03FF20A4C7A2,2
132BF7FC7AAA,1
515B59D83216,0
34814E7FF7ED,2
B12EA8D47505,1
9A683866AA7A,2
FBB421E5A4FB,0
0BE8BBF7D6E9,0
1ACBD68087EC,2
3EF02D25C58A,0
BCB2A79C797E,0
3EC0E12F773B,2
86BCD565773B,1
AE6E5F9C90AE,0
58CDB1CC9282,0
B6D3F553D1B6,0
F0F62AE5C72D,0
98F10A157EA2,0
770F065ABBEE,0
276900D27648,1
C496B58B9492,1
3CA6DD72FA46,0
DD43D4BEBF5C,0
10212BCB203F,0
346BC1B463B9,1
D155F2AE25D7,1
DC90371DD041,0
D250E2DE8E35,0
D1831E47BB97,1
11605420AF01,2
F417A9554BE5,0
309DB9E337D8,1
D5A4749A84C7,1
F8480BC8BC0E,1
3D12F960C510,2
64C361A1A84D,1
AA5F6C01CCCE,0
CEC8EF620518,2
94171074AB33,0
6F5836A5B1F2,1
C503C06575EF,2
50832DD29A52,0
112C465D1B35,0
A7C8161F6E50,1
9D3AAB3A0449,0
83FCA890C452,1
BB026427A322,0
F75EA024B494,1
AA41F6400123,1
0056621A6FDE,0
F4A87939CA0D,0
377F55E4AB85,1
DBC207622786,0
7F7DAEDF3A42,0
17667D95510B,2
C8A1B4556F9E,0
6F86B0788158,1
6701F2B02ACD,0
FB816635C8ED,2
EAA527B19BE1,1
33CB91968BA6,1
260CCF759035,2
565436FCADFC,1
FC5ED5AB7958,2
8EF594997320,2
5C991352B128,2
6DE896077545,2
B47EFEC61BCB,2
942D2380466B,1
672A9AE9D8DF,0
F3B26E65E354,0
BF66EF0695A3,1
2675EE4F3CB3,1
9C7CE4FB95E1,1
1B13002E1394,0
22FC4BFAF660,1
FF23DB7D5FC9,2
6D80A8B26531,2
7274AFFFB635,1
16683F2D946C,0
027144D6E806,1
4224BB627864,2
0B91670E014E,1
5CE5BA343731,1
E0BF5634CF1A,1
8DEF04FC9804,2
E447C196259F,0
842946589703,0
4874388A5E53,1
8DAFECBFBAFD,2
6E1386E70073,0
4504B1542035,2
44BE35277E91,0
F40553A97190,2
02CC963AC048,1
3B9B30A890DE,2
FD92B97824BD,1
8C4350073D75,0
EDEA9EE2CF65,2
C3E81AFE2B35,0
907B21B0D50E,1
62824CB88592,2
5961271DA1CC,0
86CFA63ED1CE,1
366D2B9B06C1,0
CF7BC5EFC622,2
9B182C9E57ED,0
7C6C35CA7E70,0
758B863EE078,2
D99AEC869FC9,1
B1D5B28DF63A,0
D31531B6ADDD,1
CECB92F7E255,2
520750E1B132,0
565DDA796B86,2
4D9980947350,0
A522F1E361D8,1
A555E7DFE206,1
E98F6FF72654,0
993D5A2DFE46,0
E5C1B5D7D26A,1
6A05BD627436,0
EAABC69E26AE,2
C4B219ADC01A,0
0D47A164F4E4,0
B9A3B5106969,2
FDDCC46F085E,0
DBB6DA9A2703,0
5D671E35559A,0
270A2D8B7A42,0
1511796F0D7E,2
B9509071FDCE,2
5DAF867C6E94,2
F14DFDDAB568,1
E6339D5190CA,0
C4C446A581CF,0
A4CF5D74C45A,2
C35EA150A5E0,2
5CB60A16E06B,1
C572E2580A5D,2
3340A618D07B,0
C3D3598C5D0F,0
2D43DFE1E2D9,0
C4CB1206182E,1
E78EF227EBC6,2
5103891BFA37,0
35356527ED35,1
55155899039E,0
F90D6A00628B,1
53652DCFD110,1
94C0BD70E047,2
038386BB8A7A,2
3155E3AD2EC9,1
651122BE7408,2
7FD736C9F281,0
E208E3439591,0
89ACE81AE34F,2
FBBF6107BCEE,2
ED1CC130F5D8,1
189BA713D35A,2
ABBE0D10D2E5,0
88D155E339F0,2
E5848994AE3F,2
4F391E058FD7,1
72B847C050EF,0
86D80430B9E6,1
7D40FFFE237B,2
4CFBEC0AE162,0
3F9F24D7E0AD,2
487030303C9D,0
1ED60C0E2E5C,1
F938019F8981,0
DE42B8A4892B,1
A59B009E48BA,2
ED6EBA7A3176,1
A50973CE601B,0
6B608EE79C4A,2
49710D56828F,2
DCCFA6997D61,1
959A319F79DA,0
A2C3A434E638,2
86B72A3508FE,2
1A73780C720F,1
B4A79BE95400,0
2821B364CDEF,2
9BF62E26AEC5,2
F1434E7CE832,2
1C29E5737F8D,1
47DEC327AE49,0
8B9C633C4411,2
3BEC470F4A49,1
37C3A8689368,1
7404ABA44169,1
C0FD6347BA5E,0
630735B02A8F,1
F763270F6D25,2
EE33518F27DA,1
C7AA8EA5F93B,2
4EA9C12FBEC2,1
4A57A5333CA1,0
4B70F6AE5E3D,1
12DFD08FADAA,1
FB5A219F400F,0
C688D11B709E,2
61461DC90CBC,0
00F3DD1E1643,0
3D488A65F81F,2
F9472E543654,1
758DFAE63F9C,0
CC08256DDFB4,2
5DDB4524C12F,1
C56421307FC4,0
1DD5BDFE8481,1
C28FBB8A61AF,1
715004BCA2F0,1
F6A2B1452934,1
194F07B4F33A,1
60220CD69D0F,0
891B07EF0791,1
C1C2FCE11159,2
4562E50749D5,2
9E7FA34C738D,0
9F19193110FE,0
6A0FAE35CD29,2
568D155FB449,1
004D58504954,2
5AF1ABABC4D3,2
5D1DF14E49DA,0
615791ED4074,0
3DC6478BB79C,0
515C1F192BE7,2
2221D8D04D62,0
E41D3AC353DB,0
B793B73EE1DB,0
5C3896E5B8DF,0
5A58A1DA7753,2
B67E338CAEC5,2
17923878A23A,2
91A16F3ABE6A,0
741DD90F9E22,2
5493C95762EC,2
5A0A03F05E42,0
76A79D49DDBE,1
48C3F60F5690,1
AE1439EBA2DB,1
7B49ED5C96DF,0
74A7A4C95739,1
3A28CF6DFD9D,2
D94526E272D9,2
BFA12BA3860E,0
3FC37B21A97C,0
E3C58F80733D,1
DFC8072F003E,0
907CFBF1B821,2
D18DF2049B8A,2
DC31CADF0423,2
191B2F581C99,0
047EDF7402C8,1
2F83F4C5F287,0
BCF04B730241,0
FD8A270AFB37,0
DA9B5F3CA3A2,0
27E29EB92FE7,0
E33740DA0397,1
125C639C0EB3,2
A73CE43F6A38,0
67C208E8A452,2
4ABED9B2780D,2
1F33099E50F8,2
4DF6ADEA2313,2
8D0B8A1C6087,1
3C1F2DEACA4C,2
0266780C03FE,0
12A51A62A3A1,0
981D617D270F,0
A43B10770373,0
2F7D684C1BED,1
50896D195E85,1
39DD361287E6,1
E83296848F8A,1
805457E7F472,0
9BC1B8BF1975,1
B55AAE06ABEB,2
FDEDB1022C1D,2
A2B1C110334C,1
B1A6429230A9,2
8BA7E9E282F4,2
0F5EA49341C2,2
4F4E5EC920C4,2
FB932D31736F,1
FA2FF2EADB4F,0
A4B80B566BC0,0
D77AE0CB9C42,0
CFC22330FCA1,2
D56CDE96C491,0
6CB0E13C31AC,1
E55A85FD638E,0
6C37F5EE1D03,1
1E35F989C7C1,2
8757EB953B73,1
11082AF298F1,2
A0E5266A77A3,1
F32DB96F1BAA,0
784A4EDA9EE2,1
19B3F6ABC6D7,1
9855CD58F13E,1
4334F3219729,1
4007CCB00802,1
C348AD8FD6AD,2
07AD7CE66C8A,1
26E173CAD7CC,1
34A3A36E3C1D,2
225E2A7EE559,1
E94D584FD7F2,2
85E02CB9CDC5,1
A3D5F297400F,2
A35B52BFD4C9,1
F49DA9DFC07D,1
6008A0E1FD45,1
AD0DB00B308E,2
C3B19AAFABDB,0
1721FD1C874D,1
07FC005B8AA0,0
F73523E281FE,2
08646B061D2D,0
C32DCEE56168,0
50E7DF33C41F,0
FF4FFC0FC4CE,2
857C3F3BED8E,1
3BBB4D72BDA0,0
73319832FCBD,1
0451EBEFDD92,1
52488A1C925B,1
39B48ECE59CE,0
86167A9D7286,0
92F10982BA85,0
66C47EBBF911,2
D6630EB67732,1
A309ECEAE71E,2
E2F27A25C836,2
9C646A7CEBA9,0
40762C61283F,2
7D718BD77AAF,0
2429DC6AD0BD,1
49DB59B86BCF,0
7CD29A02712E,2
6DC56B656745,1
D196225C8E3F,0
2316C84EA465,0
7BEF6AA57D62,0
CA032D874513,1
00AE7CFCB187,2
ED34CCBC4E90,2
6D887737F938,0
D05F5237811B,1
3550ABEC9BF9,1
4F2158AFC937,2
2C71ABE5C35F,1
D06B1F3CC3AC,2
B464987ECC7B,0
3208DA0003B6,2
AD7522B08F0A,1
3614BF2FD701,0
D06020D3C4E8,2
82D9A7209602,0
AE9FCEBB2C01,2
1D29B3E0BE70,0
A4116F1D4CE6,1
DD601E5F54FE,0
933231712BB7,0
16779D00D565,2
3A319FF90824,1
B757F517E7AA,1
78FBCB54FA9B,2
A0C18F13CF93,2
E474B2FD15D7,0
A33BB380F300,0
B33D53C9EA3F,2
26E858557DAB,2
C99E440BC6F8,0
283C4436AB8B,0
E1E83F57F859,1
F96EF3EA4730,0
6511B699C8DD,0
CA2ACB5BD898,2
BB0AE25AE103,0
F8BFDA5D03C9,2
DAA19932B7EC,1
8ADF5A843288,0
71DD39314047,0
EDF8CDC6CFB3,2
A4AB6C50E3FD,2
C14A81BE9E85,0
D7569732341E,0
4F4C44604AB7,0
94CADF74C3D7,1
59EFBD931FA9,2
0D53191A5678,0
50891B89EC68,0
F0205B4363EC,0
2528CF7DE79F,0
25E218821959,1
1BE19327D93D,0
D350792D57CA,2
AA7E6A8381E5,1
4E228FC16CD3,0
5103DA614F2D,1
E6A1CDA0DCB0,0
075766CCB0E8,0
008EBEDAFD9F,0
5BDCB7F6216F,2
09DA44845AFD,2
B51559C2B46C,0
7C02D3619B18,1
60AC89CC3356,2
8AC3520C06C7,2
AABC0C7449C2,0
A022861AFD16,1
DD7470244184,2
F24A4099A2D7,2
B73FFBAAFD58,0
B508B11BDDF7,0
54CA7D43A76B,0
942EA2588194,0
AFBFDDE4EB82,1
F9FED22855A0,0
5D428A37A5FF,0
06609DF89721,0
EA5E06E9F7CC,1
7AE4AA98BF60,2
39847A7FF359,0
A48142BB2558,2
50309F58E396,0
EEC3856F669B,0
5FDA39228A2D,2
6FAB63A0554E,1
6E889012BB99,0
7BEB98F09A04,2
319ED8F02D9D,0
87D2292F6CC9,1
9A4D6CFB11AA,2
19F3A1212881,0
136BDDF3DF6C,2
016974531135,0
FE5049378997,1
7B4B41C85557,0
6A2A8440999A,0
D03C31AFA4CD,0
F8144CA7D081,2
6BC55182333C,2
BC876E9ED019,0
A127C5D07726,2
2391C8DD3BC7,1
87B575610F96,0
535A5A9200DC,1
97FDFBDE46C5,1
96A276BB686A,1
B357AC3EDC28,1
7DF61E8E28A1,0
F6DCF1428249,2
3CD671AF4B1E,1
4A2A08B887E4,1
9CE12A93261C,2
63CD747CA1F6,0
AFAD6496485A,2
A09411E8320C,1
DEEE70725D76,0
E275F67A2220,1
D2384C6689FA,2
CA082A9A8FBF,2
468562016549,0
45807379C104,0
87A0A2AF5786,1
B2738E168AF8,2
3940F812E4EB,1
2E0CF22660D8,2
6E33C3231154,1
DB7F7D370D60,0
8B796D7E0AA8,1
D9372E3D6FEE,1
B8E345D8C5AB,2
BCB597C5F535,0
D326529C09CB,1
1A81A07CBFF0,1
6D0A619A6226,0
8825F9452176,1
BAEA56CAC8BF,0
BFAB330B3CDB,1
47EB8408F06A,0
128BF942F090,2
AE5265EA4FC5,1
D729794DE021,0
24215A030E06,1
980720CE1723,1
0F3F3D5A8902,2
51ADACFC3F77,2
7FE3C0D2C961,0
D9BCF457DDE1,1
4616373680A7,0
3B708DD4D152,0
225AD8638F9A,0
00DE367CE8B2,0
30332065347D,0
F03B2820B948,2
7EE72819CEAC,2
3C7D0A241A47,1
9CBA0D70A190,1
4DE5832949F3,0
77B5503A446D,2
F02361C7647B,1
866553F32DF7,0
CB853865A1A9,1
F6B9B69B1EE2,2
AF7D7B41921C,0
CFE2610F1104,2
17C9D2DE8C3F,0
7B35BD7326DD,0
CC907981A5BD,0
B46654B43299,1
75DBC6F3A86C,0
138209127815,2
9A1AFEE47F27,2
335703100A6F,0
5454D5DFF93E,2
1CE3B706ED2E,1
5D6E150FAD5D,0
E9902B0D5D56,0
4A817018466D,0
73262CA9E004,2
C656E3D61334,0
5500A42482A8,1
45F83DD8ACB6,2
FA6A18081341,2
341BC486E142,0
671AC99688CC,0
B90C3E854D07,2
A0A0F919C169,2
C9AF765C82A2,1
72BB6CA74F65,0
3C97402AF89F,0
1CDA8855FEAF,0
3ADD4244B911,2
DDD607AA9D62,0
838F7295B042,1
7AF9775EA89F,1
ECB707E1103F,2
56F95843E8C4,0
4BF28806BB9F,0
76A6B4548B62,1
19477F690035,1
63781F49D13E,2
EDA796E8EFDD,0
1907BD5A2699,0
1F8CA1F01980,0
9C983F5B0839,1
62BB1E490CF6,1
6F4543A5933D,0
53011D420893,1
F5E5011BFAC7,0
5EC2BDE7AC2A,0
7E006B64C5ED,2
298FD4D7D5D9,2
92D7A892DCCF,1
81C8420A4BF9,0
C8DBA96DC0A8,0
31785156B00E,2
EB1C6C90DB01,1
E35596793287,2
6A91E1D74CCE,0
8E468E39F1F9,2
F142DB216907,1
0B5C4DF34865,1
8D9123D370FD,0
57F5BF941DD2,0
56E98E79244C,2
04EC51D2AD41,1
B1E75FB08508,2
779C1D9EF3CA,2
C013BF472BD1,2
CA3099658754,0
EB6C87E24E82,0
D2DADB5774EC,0
B311D8EA0AC4,2
E590E32548E1,2
5F80EA0E59CC,0
40545FFEA2BC,0
9EA491E16C29,0
B7499BE5ED7D,1
87F95AA54201,0
A7494DCF1FDE,0
C7E9C0F901B2,1
705EE9775F93,0
D11B3B0071B8,1
4F6BFC9DA751,0
F46278C0F452,0
13A7D9A0F8D7,1
979120E2F979,1
55DBE7333ED8,1
BC93C91E96B3,2
0ECDA28D33F0,0
201FB7BE8CCE,0
8EAF1DDD9902,0
D7C179C32B0C,1
E2C131264CF4,1
700E56DE560A,1
88DDF1DF6A6F,0
CA5291CE2FD7,2
7771A05C277E,1
867F86C20D5F,0
7BFA6B9E913D,0
D11CDB4AAEEA,1
FA51A22EA2B0,0
FC71E736C90C,2
9D9E1EFE1258,1
B86F56120E33,2
F7D362EFD109,2
E95CB86BFCB4,1
6419F30972A4,2
AFE8066179EF,1
3F7E313FA14F,0
88E363F33D4E,1
A832368DD8F3,1
F9F7B672B4E6,2
FF936B2619A2,1
7923E7D45B12,0
5B33D8389934,1
A42E5D8F92D8,2
0F605FC37581,1
C7E66B3B9FD9,0
596A99BFBAFA,1
209A5BE43C2B,0
F032F2F55BC6,1
D7D3694D0389,0
3F01B35571F9,0
FA3F2DC3E349,0
CD7FDEF9F059,1
A51E2DB9098F,0
1ED4631B1774,2
146AB0C0627A,0
C4C7E6A2DFC1,0
B6AEF3CCD0B9,1
5FED2E555512,1
9B43EC2DA50F,1
7502B98F67F2,0
948A2D838E88,0
79B738F51201,1
71E133A9EC07,0
212C5A43A55C,1
8503F343F654,2
0CF966C36DAC,1
07923B6EFB20,1
AD5391094E20,0
D4D4E7D9C30A,2
CEC0FBDC3666,1
5C9F4056D39D,0
C6449EDE165A,2
9A9B9CE7D5D0,0
451ECF48DF19,0
740BA05792E6,2
6E8E4B6CAEB8,2
0557A50C7DAE,1
683CB18F8007,2
3D62119442E0,1
97C1528A5F89,2
C5F210D8FF0F,2
E0EE4C1DC324,2
507678D1CD16,0
4A0828E36265,0
5481702BEED6,2
60F8B33DA1AB,0
C1152BC005A0,2
DF6003AB9907,2
D58C3A6D9AB5,0
8D68A55957C5,2
1FDD396103EF,0
9B21BBAA28AF,1
921F0ECDBA52,0
D50C1F0A5254,0
D8A043A85C2E,2
D10860FBC241,0
77323D4ADF00,1
0B5B6DB4055B,1
12114C9618C3,2
18588CBB7AAC,0
52A07336B6E5,0
D12A1DD202B2,1
EEC645D319BB,0
3F2448C7D7A0,0
F3E44613FFE3,0
09D52CF27793,0
6172E763374B,0
08733E904AE2,2
284A0EB66CBE,2
6BA647640DC5,2
BC47FFCB3A41,1
8016DF7624E8,1
62452EFB5D17,0
8BA43363CEF7,0
801EF808BB15,2
B74D87A2B4B3,1
F3E59D1DDCA0,1
7D0C741DF154,1
3DF2A728004B,2
34B8FC554C9F,1
E2E4CC76AA0D,0
54C50F23A56B,1
3DCE96BBB0F0,0
D7F8B066DFE1,0
4041C6F223B9,1
6BF994DE3B04,2
F923B31D54C6,2
F0D303E8FAF7,0
D37833B0FC3D,2
CFA2D802BDEC,1
42D76CF5FF8C,1
A14AA929F798,2
1F3A2D28DBCC,0
81AEBD958715,2
C664B2F47751,2
E16F15BEDA8F,0
3A504E667C3E,1
9E2F3D061B34,0
4D0D3CF4D944,2
D5D48B4C8A7F,1
451FA02AD3F0,0
D59B3C410492,0
B31116AD1F86,2
5A69E9717098,2
F0B5B2B228D6,2
2F68AFFD08F3,2
404F1B5B03BF,0
0C817D55183B,1
9D2ABEEA6A02,2
A4AC38AB9002,0
A3BD847BBFAE,0
B75F8D4FFE59,2
180239C22041,2
85E5921219CB,0
0C41B288D253,1
9F40B79FBDF1,2
0741AB972311,1
652D0A7E0D51,1
3434DA67E873,0
273695E94B24,2
85A9E2390E63,1
7FEF8620537D,0
A29204DEBF9E,0
3FA6ED17F60A,2
4396F5AD5906,0
E43CE0DD40C2,2
7F1E48B913F5,2
8587210016B3,2
F034E03C460D,0
A98FD69256CD,0
5EC766107227,2
D7C6EB509F6A,0
8D46DFC91BE8,0
D8D6FA1B7326,1
0BD33E9CA2FE,0
0D01785A9D48,2
5F763E435628,0
9FF97488D3C1,1
1F00667A2628,1
27BEF04144CC,2
D7DCE0DCF66F,0
7554A2ED50AB,0
BC2DD6231EC7,2
9C7D34CDBC67,2
0C9E0DEF4EE2,2
D1A1D683648D,0
0D1191B0A79B,1
B73F2E05D092,1
16240E3BA46E,0
8E4B864591ED,2
BBC8A8567A56,1
74D430208FCB,1
F13D5EC4F954,1
1BB843854EAE,0
8EE1BF32DF3C,2
DDFA7C5DCC7F,1
B7F1325C26D6,1
496C68F61FDC,0
27E3B7177858,2
1325A29F1475,2
F9F185BD98DD,1
26357F3E73EC,0
9AAB05848788,0
533DAC63C88A,0
D0A4F63E61EB,1
3AECAB0130A6,1
6554A1A5C0B4,0
0B760E9D4154,0
233D2B136CC1,0
5C0C849387A0,1
FEE6670FF0DB,2
C3DCB2E66FC3,2
9737B802EE2B,1
30FCBC6E2075,0
709376A4F590,0
E414E10D9A59,0
AA0EBC7E0F7F,2
C0FBC139E41A,1
AEED38DB4666,0
3BDE85BE3FC1,1
9B4ADBF0C9F7,2
9AC790E02285,1
BA2DA8ACA359,1
358EAA60283C,2
E1353E548AD6,1
B0BCD3C6161A,1
B667B8F94E04,2
FE12B5742D17,1
38C8F0925C63,2
2A4E9BE86B48,1
E3A40160605B,2
DB0844794736,2
611A3C7331F1,0
30D5D82A2C6B,0
EA66FE44C132,1
1E717A12A33C,0
F07FEDF156F5,2
6C5C69450B1C,0
3A6E5843CBB5,1
C1027C2248D7,1
40D085B18299,1
FF46FD4E872A,0
69693E0A6FE5,1
4E3DEEBEE143,1
DA8CAE32C4F0,2
1C51D817CC4C,1
2ACDB7E70264,2
3EA5AAED7E5A,1
82590BDC4329,0
A42C1D52607E,2
133119C8C8AA,1
7EA28590667F,2
BEA9BC838E54,1
B2937A79517D,0
D2E9EE204C12,0
7963DCBA708A,2
7B931BFBE0C5,2
EC12EFA4904A,0
51D38361C682,1
C868128EDC8E,1
26EFFE076EEC,0
769B74296330,0
7523C76AB115,1
9B8E0574F767,0
DD290C77BE75,2
BC0866E0AD8E,1
1C0AC1A34BCC,0
8397EF35705C,2
99DCDE5B4C80,0
5530124C4A63,2
C921CCC01FAA,0
7521D91B9731,0
11D5C7EFE4AB,1
97E4BA08667C,0
3B0AB8206672,0
7B3E5A72DCC9,0
07544BC5CEFF,2
C015317BB976,1
0F6F58671A1D,1
4F2294B76332,1
F4934D41279C,1
268FE69AE915,0
3A88EAE323B7,1
2CAAA7135D84,1
0DCF3B23CB6F,2
38B1388DCAC9,1
D2614FEB5F77,2
DE811AA91324,1
920F40BCC159,2
EA071D4BE410,2
E725E174A31D,1
732913574ADF,1
1442F2F23F9D,1
B9F8D262BA7E,2
B749D5F0A5C8,1
400CADA7267C,0
36A084738EC5,1
7784443FD35F,1
31724C92295C,2
68D395EBFBF3,0
5404BAB7C4AA,1
75EC8E4C8C78,0
7A91C0083378,1
88812C053D67,2
1DA9B6303D80,0
2B7FE51CD5F3,2
4E5E6A18FB24,2
CBCF5844F86B,1
33020A05BFD7,1
86E69DEC7EA4,0
3BC88623CB83,1
58470CEAC158,2
5E528AFD5A6D,2
9BFFA61B0F81,0
8DB17F570E43,0
7302EC373C00,2
CDA5E01B646D,2
5DE63E139349,0
E287C601FC78,1
F170090F1E9E,1
3074E35717AA,2
239C67AA00B2,1
56570C68BBBF,2
56AE110A2EB8,2
0DC569E8E55D,1
F95DB007FD4A,1
E999ED5AC4E8,1
55327BEE243A,1
E1A2C8133957,2
1BAF642AFECB,1
595FBC95779C,0
20938901398E,1
01F11E92C830,2
B99357767FF5,2
F4109C0E0358,0
9125086ADC25,0
B9E37A01379D,0
AFC665FC5D3D,0
093374BE6C9D,1
65E8B6BABDAB,0
48BA80E7C460,1
9EBAEB31F9AE,0
E704F7D47410,0
544BCA911403,0
44CA7FA86A46,2
BD3464F291AD,1
382C61318171,0
5E6CCF4EF5D9,2
37282E038762,1
A2DC287B58B8,0
2C2B74086D71,0
362F4D21CE78,1
7B8671AE6CF2,1
6FCB97739D58,1
C6D15FD2A27A,2
BD7A8581FF6D,2
6515E0AFCCAB,0
408C82BF8B35,2
CCD755D33DB4,1
722376282CC3,2
B927BD13C447,2
77D06AC35D92,1
DBA19F87B43E,1
4C1A38663D1D,0
880FB6D03693,0
E3A77CF03391,1
6469F5B1EEDE,0
86E74E7AB3B7,2
ECEC69D5C960,2
92D16FEC6851,2
4EF31F30277A,1
257505B96687,0
13CAE5D2BA6E,1
88C373053635,1
AA29A379F203,1
DCE32FDFF6D1,1
A73E937C6F04,0
5AC4123C168A,1
2452F8D12413,0
1A7FC9FF7E8E,2
6DD9E3771DC2,0
5AC7DDBA472D,2
0437FF5BF2C9,2
59E3474489CB,0
362B01FA64E7,0
591450CBD551,1
5DABB1AEDE62,2
ADB7C571A5C4,0
4C72C8DCDEA9,0
429BA42739D1,0
090C39EB645A,0
26C192C7696A,0
19305F222768,1
879F42F80E16,0
1EF05FF97EB9,0
82CF1B184227,0
A672C2AF3064,0
94DD855E310C,0
590CC715701B,0
CBA1AC4D007D,1
99CBFA3B6CDE,1
7C02E1505C29,2
43F1CD3E2EAD,0
0711D1DB2D59,1
3F9A385828BD,0
3F6C6C7D6376,2
87E1BD46E282,1
BEA083A6B74A,0
6CBB2AD50CE1,2
FDA1D19A8CA1,0
8993C8AC3F92,1
1A77016B8785,1
669550312477,2
19D5748D63F4,0
C87968123E1D,2
BA29B9244ACA,0
912DB9A38A87,2
C70A35CA9D84,0
31A7F94DAA42,1
D7138A030163,1
6D73E4EA1C04,2
C11B7F361FC4,2
9CAD8057415E,1
CE70A6CB9BB3,2
5C5238550708,0
0AE4BFDD3CA5,2
A69961C5DD90,2
847FAAB79797,2
A89953B398B4,0
D9285F5B52A5,1
61EBD21243F9,1
EEF858A54F42,0
A74AD8EB0E81,1
A5AFB535F7FE,0
4C5E872457C8,1
E6163DBB419B,0
21B176F05297,2
932BF7BD7C31,2
0C9470690464,1
B0029FB44D44,2
3E2342895385,0
44FBFED5FD16,1
BB0C541CFC8F,2
57633922F01B,2
B69E2EED1E5F,1
09B22D387B6D,0
7DA606C70045,0
867E975AD422,0
01F0BF2F86F3,2
9F34C4F23B36,1
D93F16990519,2
1BFA8E86BF22,0
E4A1E6EB74DA,0
36D06CD7FCB3,1
31EF2531257B,1
5392BD605EE0,1
31E01C7C4DDD,1
CB659CF81D60,2
82F49121FDFB,0
7DBF8AE7D190,1
92F18DA6D419,2
478007D8E618,0
57994469EEC3,0
C7AEAC98AF16,0
8BB1E29C3B3A,0
31AB4562401E,2
CB80302CF341,1
3B0E6A4B0F39,1
AA2CBC2A7486,1
7AC9B77F1F89,0
2FDF31ED8603,0
2552C53AE636,1
3E714F6F0791,1
B5F799BB41FE,1
B3D0CE9F4BCB,2
0A0D05CF4E32,0
959BB2500726,1
F5E98973CB13,2
BD07C642B81E,2
6B53DA7718CD,2
F1DB95BFD826,0
A050B5E18F89,1
9D436FC6F921,1
CAAC3EF785E8,0
D221BF5622ED,1
81D4D69F3157,1
D997D8FCA94E,2
13DBF8969E1C,2
E47F23D66E33,0
A415AFB76A0B,2
6E0A89FFB8EA,0
02DBEB3BB8E1,1
D60908F91D49,1
CE1AD4FAE454,1
8155656572F1,1
D5B590870FF8,0
48CF51534454,1
12C1F71058E2,1
80236BEC9370,2
BDD7CC8FFE95,0
287FAC7A66CD,1
91C3CF0FDA97,2
333F528F17D4,0
C0AC936D29A4,2
F3AF27F11A2A,2
6832BA95E290,1
69B3698CDE38,2
DD465F3DC7BE,1
CE96B557A901,2
0D0BD5171509,1
8FAD46AA3A99,0
7CCA1F52EB1C,0
61B61C9275B0,2
AF00B466FD27,1
4D6A78847C23,1
D58BEDD15EE1,1
5D5E552C0EE4,0
3DF9220FC04F,2
36B94755CB76,0
75A697C8BE88,0
933D31B628A1,0
D5534EAA4F1D,2
0C82FDB1C028,0
07E7EDA5F8B0,1
E1736C3120EE,0
FD235889AD78,2
8B9D01981DC6,1
FBE3EF10F476,2
50870C65FF8D,0
A2F5123AD7B2,0
E5D6981C75EE,0
47B1655E793D,0
4555700523AF,0
AD14CCA07DCD,2
DA69B87A641F,0
5EC627D9C7A6,1
218230D026A0,1
1AE329C46DEA,0
BD369BF4E558,1
3FD9394AB1A3,1
4A14CAA703F9,0
691EE8B4EDFA,0
5E0CB897ACAA,2
B644EB8D84B3,2
A952B3ED58F8,0
F98CA04A3D10,0
9E8A9DBAF5F8,2
113E65EF65EC,0
95ED69058DD6,2
7F6DAE5DF492,2
5E1B02053897,1
25B96CCDA88A,2
9473C51E0D8A,0
DC8EF850291D,2
F4D19FC78DEC,2
9868319C30CF,1
910FE551B660,2
666C5DCFB807,2
3D2B3AB1754B,0
FEB2262F2308,0
FE2D4779A4DB,0
C3C5B9927457,0
5A2A9C576787,2
6827A1A0FBBF,2
82F0D816710C,0
E3B74DD43780,0
99B16D55FA96,0
0184317F848F,0
92D57B78BCCD,2
377503DA6F2B,1
7D3CE712E315,1
3EF03C42D7DB,0
57BB2453B7DC,1
3EAC86BF7097,1
69502CE9629E,2
9BC97EE3C0CC,1
64C73DCB8CE4,0
1046C9FAED04,0
3FDFF796CA34,0
8BBC3FB59B7D,2
59086E04B35C,0
3DE2D01AE35C,1
E50AEE21C5D2,2
9E50D28A3A4C,0
21EBEEE5766E,1
C044938446EB,0
791F5621F213,1
93646654BD38,1
67B99D0A57DC,0
43743A7A094B,0
E3D1FB413B2F,1
FAF766FC6BE7,0
5784BDC92DE6,1
CA380688B3A4,1
D8C3541CF296,0
489C0AB7131D,0
D2F6C337F9FA,1
8A01A1245D04,0
C2A3EE696BC0,2
1451E514C1D2,1
B4397603259F,1
26A775C1117E,1
11E74C94D8E9,1
028A96E3BE35,2
936E03817281,2
0FE26BA6A652,0
E159F69EDC07,1
BE695115E7C0,1
0F7BDDAAB3C5,1
66BA4E051121,0
CF466F37190C,1
16113ABF3D99,0
67749B56CA75,1
3D4BC45CE715,1
8074F399FA06,2
530CE9599D7E,2
069ED4E9AD6D,2
92C0E056F3BF,1
26E1609A337F,1
92F7B452950A,0
AC8FF378565F,1
A05661559022,2
241FC65D452B,1
AEE7A3FA73FD,0
3FF58D251128,0
97C01DA37802,0
923C22A40A74,2
CFDD55A0603A,1
AE5809E70086,2
6D5DB7BB496B,1
E41695BFA411,1
1C93879F0D93,2
4528DD9BDAC6,2
C5233D1D72FE,2
EDA1531584EA,2
9BF8FF9A5139,2
5AF1BA913E5A,0
13C8BDC6F42E,1
5102674E09A1,2
58298A1A65CC,1
4C0D9C564733,2
6DEBA4574F3B,1
62278EF4A702,0
2769B595F13C,0
8F8CA9FD0071,0
85AF45DA8B8A,1
99E86030B76D,1
230D4A559BE3,2
795FDFCF0EA6,1
4233A859CBE7,2
FB17A3CB76AA,2
2D05CEA930DE,2
EA049B6A0412,2
9B08973CFB1A,2
BD7AE0CEBAE6,2
D03FC78DCE3D,0
1F61100FA864,1
9BFA12712953,0
1EA0B9B54552,2
D64C2F8E7301,0
057797F8B652,1
E47039647DBE,1
17D8879C94F5,2
90524B092C4D,1
0AD4CFA7816C,2
A5E7EF127495,0
D6BB80AF2AA2,1
1CBFCD7798BB,1
BCB50D363F53,2
5ABD8D1B167C,0
9940143ECCDD,1
4160B416E29C,0
01BF0008B7F1,0
B2E6E6D64102,0
2BA6A318AC03,0
75F7CC9E9166,2
B67131F04896,2
08FE25821C4F,1
DC5F29F4B063,0
D8CE5C7A2548,2
DCD58E2E932E,1
0D2F4F589F97,2
CE6957A6AF35,2
0622C59B5066,0
007D5C53E8FA,1
023E1DA9758B,0
D49DFEAE7C16,2
3EB2A6CE6606,2
B54E5C0255DF,1
36FBA4DC5415,1
7A5203F95FBF,0
EDBBAD5AFD7D,0
6D6D9174D947,1
277F88F5E3C3,2
94EF8D8CBBCE,0
60579458A67B,1
71148A50D41E,1
1E5681393BCB,2
297D26D11D77,2
70867C053C22,1
BA8587CCFC24,2
998EFE07F418,2
C698E44F0B53,1
52A0A75683D9,1
52239679175D,0
A34E4608C1AF,1
2D7A2EE5FE7F,0
64825F70696F,1
2AB4D3E08A0C,0
4364AB12465E,0
8FF6F48D4911,1
E5E2D8305865,0
6AB10670C7CF,0
CCEFE491495B,0
F8D1B2626566,1
27D9985813C5,0
30BD694DCD7B,0
4C2F1436F723,1
9EBA70FA58DD,2
71464F7CBDB0,2
98AAC9AE68CD,1
67EE2C3FD3F4,1
7D080393520F,1
DD92AA1CF855,0
2699E059AC82,2
23B41EF4D35B,1
1C0FC26BFD88,2
FC406EC806AB,0
39805715A1CE,0
96DFF9AD0B76,0
E30ADCDE3A72,0
19C08FF50859,0
F8B2D2D2FE6F,2
561BAA574749,2
29C645846118,1
572890C9897D,0
EB5C8A101830,2
6F516C6AB21E,0
784C1EDFB79A,0
16590D926B5C,2
DA6D9F88E955,2
8295C45BFEB2,0
E8D858ECC31E,0
6943DB4B4CDF,0
52C46D4A964A,2
29B9C1BB3455,0
8F49B5A1B025,2
79088ECCDE41,2
0158226F89B4,1
B0E9A28E6D1E,1
C109165BA553,0
698724F40A09,1
242A931FDEA0,0
EE4D2C778E9F,1
C47EEC56D007,1
5EC5F1AB910D,2
2973C01CBD34,0
2F0B4DDD6F7A,1
19F6FCC2C4B5,1
9FE15742DA21,2
A7AEE25A1B23,0
17281362939F,2
00A05E3BB759,1
D1D910483228,0
BA71CBF0DAF6,0
F8D2411F88F4,2
F28781EEA9A2,2
9F115E530BAA,1
6FACA2309DF8,2
395425DB2916,0
4558A245CA32,2
F350C8295190,0
F30115D81F20,1
FD785EE2CD95,2
E804AC759D3C,0
E602D9D760D1,2
7442FD043B48,2
AAA96BC4D19B,1
265AF4709A9B,0
24EF328008B0,2
4F21788E7D45,2
0E83B22E6AB6,1
C29F75F7521D,1
BF88EA6757DA,1
16F5880D02F3,0
F66FA1B2900D,2
E103F28CE220,0
AC0BAA51CFFA,0
BB466CF726AC,0
869BFF0248A5,0
3D5B04BB9EF0,1
77D92CC00E52,1
B8E147C90BFA,0
91FBC315D9AA,2
5E8F9AA039A9,1
ADEC9D1D8EEA,0
0517C76FD1C7,0
12997E3705FB,0
2C6909DB42EA,2
6BA73B0B12AD,2
A7F419BB4B29,1
16E7296C550E,0
EEAC197C5575,1
F6CA97EDC859,0
5004267B8A30,1
486D34B7365F,2
879B9575C942,0
70574D5A7709,1
6E2F5823FC95,1
CA32DE013014,2
21EDCAA86909,1
D1C6120DE9C9,0
A491E916FF5E,2
D59B72294C6D,0
434CB0A96419,1
553097FFAC51,2
E089967843F6,1
951188DBAC09,1
AFD095E6556D,2
51ADDCAFA709,1
15283F4F8260,1
903BDC1D24C0,0
0CFFE76022BD,0
008B925059FA,0
D139A59D801F,2
D1F12D349B40,2
5F2BCFC6E6CF,2
A308E695EADA,0
4ACB29398083,0
A4F28C11FCE9,0
E2E25E1DF5E7,0
A8ED5D5A6D81,1
74EDE3CCC910,2
7865B6F4E1B7,2
C46CF73B16AA,2
AF522DA49867,0
90B3ACB44AED,2
375EEEAEC298,2
8DC2037FB97F,0
9FE8B5655B73,2
894923185839,2
90D8EB3AB512,0
974184D19E40,0
08B9F101A1EE,1
1C941C0A3DB3,0
0D8851C603B7,0
50742B4A33A8,0
AA425AE0D67B,0
073BA9310DD5,1
3239792DE26D,2
972A2E975663,0
47B56FCF14C3,1
DCD9361EE224,0
50580E64B022,0
61115A794D38,2
96BB999B5A1D,0
AB5954424649,1
EA9567ED2900,2
D39AF665A075,0
C6F1D449DE67,0
23384440728F,0
E7D823C8893A,0
9401023DAC6F,1
7A3D598713FC,2
6F47CA17A5DE,1
B69A1974A17E,1
04E107858026,2
A62F99CBDE49,1
1D83218D6989,2
54943D32E846,2
8A2864C91943,2
4AE9E3A6E4A2,0
B02990A68309,2
C499798AEFE0,0
096ED9FADAE4,2
269059FFE61C,0
3258B6BE35FD,0
74BFBBBFDC0A,0
3509F376E438,1
AD22BFE25527,0
A17B43B9441B,0
1780DFC8DF6B,0
A1C94A5374CC,1
C9677D5F6011,0
DD084C68FA9C,1
90C0B82F1855,2
2A9D489DDC6C,2
C3D4401D5541,1
A9D8738E5DF2,1
6829503E9BAC,2
C30F1A860160,2
DA3C218C2489,2
B557224C858B,0
F093D9EC24F9,0
A7C2B8807467,1
57AB76994D1D,0
A37A1B83C273,1
5558D2F000AD,2
93755B2BA891,0
DCDA9BEA121B,0
3D0954F8BAE8,0
06D0E782DEA9,2
3CCB89BB27D4,1
26AFF816A23F,1
2E2FAAF387B8,1
F67CF4513921,2
DBF992324FEE,0
51C001374D21,0
5FA1DA209493,2
BC2394CDBDC3,2
DE35CC65FBDB,2
E28294E2300F,2
EDE04EB8B685,0
77C60F84F1A8,2
62CD5F17D4E6,1
F4DB7C41586D,2
7340EAEFF0D6,2
9EFC4A54A97F,1
C19A58E9339F,0
6E952335427F,1
B5841004DE09,2
B07B4790E602,2
0FDAF2DE3E62,0
8E04C97D5BFA,2
49B77E3B3292,1
DAD5541A0030,2
99541C5DEE3F,2
C774DC579670,2
8DD792062AC4,0
4F2C5A249EC0,1
7D4AE8716F0F,1
2B34AA45C109,2
99C78DA77F05,2
94E6112BAEA6,1
2341925EE40F,0
EFC901923F5D,2
4368849B6180,2
898B5E9BA9AB,1
A6685876B060,1
2FBF0D1FFC25,1
3C0D990855A7,0
4F941924367C,2
908FF8C6EAA6,1
81A9D625A0D5,0
322AAFCC1052,1
DD151B54B11B,0
F1F026B769F2,1
7A4ADF67C105,1
A1AFE4A0ED50,2
FF07E186F229,2
E3EAD8B38252,1
A4DE3FEA43D3,2
F82DD100C59C,2
F1C8F81054A4,1
D0B5BCA072F6,2
A06106F15D9E,2
A4EB1796562B,0
195BB1F33DEB,1
2442D11B5FB1,2
0EC860B04095,2
894D5CAA9BCB,0
E308D46EFC99,1
6E192153F6B6,2
C48E5A8BF92E,0
3F44BD4E6BF2,2
58204D184F7A,0
36BDEF697372,0
3F57DFBD990E,0
7A8F1FF605FD,0
DEFE28360EFA,2
59996598889F,0
EFB9D262A38C,0
45C83913C101,0
050CE89A8EA3,1
94D7DCC68525,0
396AF447F388,0
1F4A8019BFC9,0
5D162D32C1A2,2
C7A7B2A88A94,0
7EEC1DD76BAF,1
51BED80FEA2A,0
F03F04580C6A,0
CD09C36B229D,2
89AE9FEBC042,2
29A7ADCF2106,2
896D414E00B9,2
6A4F10208882,2
78A8FB531005,0
D4CA7195D893,1
0CB3782DBC1F,2
32BC8081E39B,1
1D5C9C87C359,0
BE6F756EE2BC,1
30A7C8300B3B,0
E02C1F0ED747,0
C6737A00A217,1
9A9E3A9A8AD5,1
5C6DA7824007,2
493E42B5DD14,0
095EA31577D9,1
60E3709211A0,1
903C3B3F972D,2
C3EC9A733FB5,0
D7E0E7DFE9CD,1
D133005E7DBA,0
C531D86AC705,0
D5E3A25AD0ED,2
85BAC17517C8,2
AFA097F50F2C,0
499EA51E3722,0
6FDB1716E6DD,1
E0C5C4018609,1
78CA7A093C38,2
A57B20B2A590,2
BBDC00647561,0
70AE362F2A7D,1
C3D39F354A27,2
235DC37A9AB8,2
FCBAE994E02A,2
F3C0602604D6,2
DD643E582FB6,1
6E36A73DA172,1
AF3FAE7B2811,2
34222118E2A9,2
A65E222A100E,1
E01E615D2D09,1
31CF40C6141E,2
C52CAA701DEE,1
19B6CD9C8F2A,0
20859E0E6707,2
988634D5E98D,0
0E422F5AD479,0
1AC38B786298,1
54748BB01C00,0
BD1E18626717,0
89A8F1CE94D9,0
81C67E9E9D3A,0
3C1B76579EC2,1
7B5C28D9D111,0
15EC737F430F,2
E440168A08D8,1
00CFCF3D721A,0
8139D0F375F0,2
8F45A91F77E3,2
C120F911730B,0
8ADE8CBD055A,1
578CC15F911F,0
DF3B93B7D4FB,1
312D0391A0DB,2
E673DAB39909,0
90928DCE4605,0
3FBA0BFF831D,1
6393F1BA0CD2,1
E9CF4A323443,0
5E73B914909B,1
0ACBB621A621,2
43C78F7E4737,1
2322BF4D09FC,2
88EDEFF3AB53,1
10279273EDF9,2
B241E381EB73,1
EA8AEFED4D46,2
82C1BD6FE679,0
296E7550DF1F,0
E4BDD46D8D93,2
2791C5535146,2
329CBDF7A7DA,1
9E7673886CC3,0
B02A16BAF101,1
D3261033AAE2,2
75462DF18E20,0
5FD9EC377414,2
0962FC55E93E,0
1839211C7267,1
8A23576ACA70,1
B9A3914CC091,2
4CE07FD13DE8,2
5FBDABC98478,2
611F1EC737EB,0
C5F98A5E9C9E,1
4FAEB05972DF,0
5D736C22F53E,1
7E6444CFFAE2,0
EC117BD533F6,1
09F2B5FC9CC4,1
90D06511405F,2
6341A9DD009A,1
5AA13CCAF8D7,0
378FD7B6AFD9,2
216EFD15E8F8,1
53699F05D643,1
88BD95694AE4,0
833A4671A2B0,2
8DD1B7D52536,1
D0D9D9264C49,2
9E4FCFCC08D8,2
864FF316D383,1
C9BE7936594B,1
C699B189EAC1,0
338046161453,0
12AD723DA928,2
49069A44ED49,1
CF7359767F97,1
D209401F800D,0
3282D3C6C88D,0
F46FF8DD8236,0
1F16A64541DE,2
463BA1A18C56,2
6A09F1B18FCA,0
B042B65BAEEE,0
89D6C0526AA6,0
2F43214D90EF,2
833899B541CE,2
61821DC8E366,1
79C356C62575,0
DC2D84DC438D,2
2D77C8CD23B5,2
75F258652500,2
39C58125EF53,0
CB929E98E635,0
DB108D22EF9A,0
171EEAAFD094,0
6392D8A39CA4,1
6DCE7D0EAE06,2
3D8F6A748EA1,0
01D107EEF018,2
C608ED75B8ED,0
84C566B928A2,0
A2942EBD6D0E,0
501BE5F51DB3,1
38C1D7F49D91,0
BB224AA84246,1
00C109EE2B7D,2
70591E380AFD,1
6888CE9EFE60,1
41CF09D5ABE5,0
24EE18B2A874,2
55241E8EF263,2
DDB65260BE87,0
BFAB0E5FA79E,0
37FCACC5ED5A,0
2D280A31D482,2
A0914D04DED3,0
AB63924F72E7,1
C9D7344B03F3,1
B04317B5E237,0
75612B621195,2
A0087B22E584,1
23F0903CEF7D,0
8A4C47AD604B,1
A4F371DDCF47,2
0D1392B5CDB0,1
EA088326982C,2
C505460D4AB4,1
CE80AC5DA7A9,2
3FF456B291F7,2
D2DF68989C5C,1
D04C3C958BF7,2
71EF015CA533,1
944283F95A24,0
FEE2A7C68031,1
1319DD9AF781,2
2D17F4D1602C,2
6B70B9017057,1
04EAD8FF8756,1
EE81C0D9018E,2
558B6D28E2CF,0
BDBFEAF45F2D,2
C51DE0E15FCB,2
3F647A2C3FF7,0
A4633BEFEB92,1
AA4B42C8F2F4,1
803573FCA418,2
251D9D736AD5,2
FD30C073B7B9,1
47CE023F7778,1
A4999A2FAEBD,1
ACF83F481173,2
A054DE354B2D,2
B2C82C9FF02E,0
FAA0C6B9C6ED,2
46D811E5A57F,0
36AA66B73017,2
8D0CC1509154,1
39EBD656A828,1
1D412E66431F,0
0D4075AE710A,0
E559FF1464A1,2
DE10F8EB52CD,1
FB9B6466038F,2
9CB75CFBD552,0
B8CCF4E7C7CF,2
E37BECACE192,2
6E87434DF468,0
89ADD3792AC3,1
3BAB4066234C,1
9DB7BE89D4EE,0
3F3C46ECFD49,0
BA02F4DEA2BB,1
7D05AB210FBF,1
E493B96027FA,0
70A37981C75F,1
6493D6ECE0FF,1
9A62ECFCAC3B,1
F22268705CDB,0
94E9BF7582E3,1
FD578003E1FA,0
F207DF87F453,0
F53BF39A07F0,0
99CF3A3BD2B4,2
64693CFFE94C,1
2050F7413A6E,0
44086AFE004D,0
18E4648907D0,1
0443466DE8E5,0
35BC092797BA,2
1E9F8BC66D55,0
FE8B40099FBD,0
BF9AFDF68C75,1
683D09AAFD3F,0
C2027E2D887A,0
C6F2AEFBC7D5,2
6A67E78ED84F,2
9DA1D03208A1,1
7FD4C9E3D2C6,0
5F29BDBEB654,1
CDE3781024D3,0
FED735A80892,2
B20D97C5B276,0
DE93D2DB3D2F,2
54B1799B842D,1
8E234DD27166,1
431E6F56176E,1
4FF934DB1D31,2
F296642688AC,1
A9D380EE59E1,2
6190AB28FDD8,0
D4AE6D6330A7,2
25FC7944DD10,1
CDF55E991DF5,2
47BCFDD5EA3F,0
92006F544582,1
20BFBC23E5F5,1
E3C342B5B48F,0
9CF78FE5DAD1,0
3332A887B9FA,1
B77BE4FF06BF,2
BC8EEE84F03A,0
81E84BA677F8,2
7207FDD38288,0
330FA4C4857F,2
2A22A865D4F3,2
07C79F52A70E,0
46A2020D7226,0
E0DB46FFAF5B,0
58E9B67DD3DE,2
6A154465FFFC,1
C318EC88ABCF,2
59FBE27BAA29,1
E928B45CD0B5,0
CF226A13E8C8,2
8EA986CA97CC,1
138D2E01A823,0
81F02F2A9122,2
172954F5FCE8,1
B632DBC5A1DE,2
5EFEA22533F9,0
EEF1BCFED85F,0
23B18BCE78B0,2
B26CCE3161DA,0
D13A9A2D02D1,0
B1F44C7FD8B6,2
DF0236359C06,0
89D3C37966AA,2
7007BCFA353F,2
B02CFBBF37A7,0
36C85328974D,1
A4D2336F49D8,1
240E84950E0E,2
8A1800C9E862,1
7EFD0085DCAB,0
CFD0D4FB6573,0
33D212C9E026,2
A98970FA6E12,2
0E3E98CC6A7B,2
FD5DAFC5BE1F,2
F01357E4E55D,1
CAEF6F1C08F9,0
74875C3BA0B7,2
05B3EC5657DF,2
F5E5D663BC2F,1
752F75985A9B,0
C072DCB11A13,0
77FC487D9CD1,2
D3F0A6CD0C3F,1
2F2023C74E90,2
62EFCBECE8DA,0
BD1D2F8293A4,1
B27ED491D9EE,2
A99EA7DF30E5,1
76C3B67F749C,0
C84DAFF2683C,0
3E1F9A9A9661,0
C205EC5E3B9F,1
D5DB1A368249,1
203ED6AB9D1C,1
9C6BAFB55ED6,0
8AFF6E9056CF,1
28F5A98E5C31,2
69829301AC40,1
7AD48A8D09B6,0
AB91A9AC807A,0
DCD231479EE7,0
27D5C221260B,2
30BB68C2AC61,0
727D921BEFD5,1
4BEFF091A6CF,0
2F1D81987A63,0
6421C623BDFD,1
CDDB19A03237,0
4DFEBA886DCB,2
9AECDEDF47C8,2
3C8791E59125,0
64E2D2944087,1
804FD89B694F,0
839C30C15ACA,2
FE9092A6240E,2
24B027CF3DAA,1
DFE8341B479A,1
63FB44D51515,1
E708E0FC1FDC,0
ABD0EC2B268A,2
FA5DABCE6A8E,0
7E7820FA2391,0
61E95534D363,1
926DE7B9CC17,0
DFDD8285D988,1
FB39EC154382,1
02B9ACAD1885,0
46A505A46ABA,1
289745E5E788,2
E611CB0460E9,1
24EFA02835A0,2
10CC716A0048,0
26E144DF3731,1
668650713AC3,0
52B579C9A584,0
51D899A94700,2
95306179613E,2
53546B738723,1
E193A854AFA4,1
BE8951231214,0
B3EC7D1D0C30,0
EB0C48D40A1A,1
F6E228759C08,0
5D1823EF4DDC,2
87BEF981A636,1
67998DE8AA20,1
8D677A271879,1
C469FB160443,2
4039B9CA0CB9,0
129DCC441916,0
1040EE0AC3C8,0
08770FCAC9FE,1
13539B5EF314,0
8EC240804D5A,1
37A552C726EC,0
281BED98A660,1
F33DE48D0F6D,1
ABE151B76589,0
EDD79CE555BA,1
2AB0CA9AE212,2
F4DFC81282AB,0
933759A14DD9,2
9F71151A9393,1
84E2424005CB,0
71D99281FD0F,1
7D9AB0AD9E3C,1
1EE2E36BA5AD,2
84E3FC8B6EB9,2
31BF3D460AA3,1
394BE6B5B45E,0
2C4F8BF94EE7,0
149370899E00,2
B12B199F41D4,0
05480270812D,1
F6EDEC695EA7,0
C01335071EA4,2
B0B49C58659C,2
99FF554354B4,1
7C968A05C669,2
FBB1B73F913F,2
1FBD9B8B1B7A,0
F3068FED1998,0
CB69BF9CB2FC,0
B44828831C7A,1
F2843C1DB9E4,1
5EBB2CD7C8AD,2
3BA2CB2EB967,0
13CB45626EF8,2
DF4458C2E2CE,0
E2EE2D0EA22F,2
8574C7C3A256,1
410D1D0FA4C0,0
B43E44DBEDFF,1
943840D9074F,2
12E41D0FC191,0
88D07CFE3A27,0
DF77B7E97F35,0
2B2F70B24538,0
BE1D9C486818,2
3FB09FCD768F,0
EC96938664D3,0
34F0C6CA97DE,2
CD6AA88B7581,2
861EF42C4478,0
FC96A6790839,2
E50AC2412C67,0
0DCF182F651D,1
B65CB9563A7D,2
2A9964195E27,0
617C8B52FD01,0
54F06F428908,0
1FE2C0897976,1
2CC2FE4FD43A,1
A929AA018574,2
CDFD40FF3E84,1
97BCF58ECD6B,2
56FC1440205E,2
8C1EB1F7E779,1
E53B5C25B32C,1
C22DE69159F4,1
18D252D91CF8,1
73D02B4638FA,0
274C593DC97C,0
57019C727C9E,2
81B98CDD160D,2
DB9B570F7213,2
67A1C5F69A82,0
62BBF2F40D10,2
DC81945D7AE8,2
6F4C4FD705D9,0
AAF0634FCEBD,2
27909F6F31F9,1
15246E2E1821,0
D9563C36B9D5,1
A98DBFC34322,2
3B3CE769BCAC,0
26D69D58ABEB,2
96176F2FF8A4,2
401613C309AA,0
880719BEBAE4,1
4ECBD7D19629,2
D73D447810DE,2
3BCB6908846F,0
0F2163A9DAE1,0
AEE72432093B,1
DEA171DE58BD,1
C868AC385172,1
B3EF0435EC51,0
2C2CF3E4A432,0
FBAD0E6619B1,0
59385A3B4F9B,0
7666993A2577,0
6F18D8BEEAE3,1
5A5022433488,0
096E76974103,2
87C0D3E471E5,2
8A2BE516F23B,0
0ED9CCB93CAA,1
8C8FBC792922,0
7C0062F21C8B,1
9797892E11EF,1
6E9AE4233048,0
46F932398EAC,1
4A2889358F56,1
ACFD9624C6E1,2
B748F7C742BB,2
7E015584BC0E,2
D38AB9773FCB,0
8002BE3702CA,0
B5823623F19C,0
B018DB2FAC28,1
1CF139D73212,1
17FDDD760125,2
AA5A3453BF57,1
50EF0BB84AEF,2
082AE03FBEBD,2
2F7BE1380563,0
6686042A364C,0
FEDA7C485EDA,1
3C6EC53BE837,1
122846941E9F,1
29075A14A74B,0
14C786E90C74,2
A16CA3AEB272,2
6A15081ABEA3,0
F0FC1421484B,0
91C12E72B789,0
305C535ED053,1
345AA13B2999,0
8CD9F1C6E093,1
57C2E5C07569,0
05AC6978E2ED,1
BA172F2B5505,2
6F2950C29863,0
92919BF23AAD,2
1F6E4C5B6A4C,0
BDD4AB9F3055,1
084071473BC0,1
CDFAA24EDDF3,0
759F511883F1,1
9E5DDE0D9A16,2
2145912E73D6,0
DAEFA7737B15,2
7E02F8E4D67B,0
7E79A4F3A61D,0
95538E55FBEA,0
C12F7C0E7482,2
6E17394F6529,2
29E0FA202D78,2
8992328A8F88,0
AEE0D2C0B5BC,1
F420A57ACAB7,2
E55B10C1EFF6,1
026C41A18257,0
6AFDC4542E0A,2
90A88BFB8992,2
79FB6E6F75E4,2
716B49696A18,2
E3ED3EA24F24,0
EB16F740442F,0
484DFA180D51,2
AAA11D5098DF,2
44742894B6CC,1
C860A841FDC1,0
44570922CD38,0
887678548925,0
32F8C3D397E9,1
2C2FCA9D4353,0
2F10FA864A84,1
66F95ACF3709,2
596616D7E462,1
5AB64D9A6F33,2
C290DD32019A,0
C6A4A389F961,2
9B515CB8345D,0
BCC27B831A81,2
7D71C4224F0E,0
D42033955DEE,1
27014E03DB7C,2
F535F4017AEF,2
A884BE1DC8F0,1
BEF24AED9B26,1
09E22C7C7416,0
64A706BBBE52,0
EDCD074FDC67,0
1B1E27261436,0
A8761F446A5F,0
64E28EC84EC4,2
3C305B084EAA,0
176D1C6BBFC3,1
58A8356441ED,0
E815BD8CB260,2
3B19005EED33,2
4581F1F5346C,0
96C6E122BB04,2
27E67D0752A5,2
50177DEED352,2
E4FBE89A0C5C,2
5564AE40E4D5,2
A7A06FE4CDFA,0
CC0E5965D747,0
AA4C60545497,1
1743599E2848,1
EAA68CB772A3,1
2C5C36D1013D,2
26F0F4050DD9,1
B6517B96C5D5,0
A495FF584E14,1
98C389B103A6,2
1B870362FBAD,0
4BDD3D03D358,0
C5E0814CDD40,0
A9C06132E11F,0
D54C1DBCC1DE,2
CF4253624DAD,2
0C19A9BC9AF8,2
D79BA9A0CD3B,2
640C08C7B3CC,0
09F973CF6CEC,2
1045B63E60AF,2
4750242E0AAF,2
523512B830EA,0
26637C66DBC9,1
5F551765B0E9,0
0F11A7D604C1,0
0123D7923CC3,2
DE46241F5E8F,1
337E453F6914,0
1B67B536E213,0
F123673904B9,1
2B74928DD267,1
5B85A1ADA7DF,0
6E513B2ED995,2
AB63C4159830,2
A3174A37BA8F,2
754F02FBCD96,2
3549CCAAC9AB,0
08A1A2D9772C,2
261D51A38F4A,0
834EA978FC0F,1
4E01188855B3,2
0CB9B521A627,1
569F551C5F47,0
57432C0B4C65,1
32B56212A1B5,0
FC5A11203264,2
4BA326358A84,0
31324EA67DA1,0
42E68B0CBB64,1
10CA18D40021,1
7CC5737A31F5,2
2BA6EC4E66DC,1
D3C434E2F516,2
00C4D378D94C,0
01B706A12D5E,0
40293266F0C8,0
AD04D95C4E1F,2
6FC5D43A048E,1
527D90BCFC27,0
545A773C04EF,1
9582864176AA,1
BF2876B0412E,0
514F3CED3998,2
59C6A8D3F661,2
2E6A4E32615F,0
C9525353EF90,1
3DF40CCFC6E8,1
91B971ABB87F,0
991C11AC533E,1
0639C7373576,1
53DA6CC28213,0
EDEAD09DDB65,2
15D5051824B7,0
3A0C87C54361,0
479611B20B1A,0
A1B9A7BC4CA1,2
DA1D0EBA950B,1
5238B3AFB381,0
2C2E0D3B826C,1
4AFFF5CB80EA,0
D880502E4BC2,1
570F9E162F07,0
2A20B2DE9A9B,1
3894AE6F8EBD,2
CDC50F3E3336,0
536DB470E455,0
677E9F022BAC,0
6533121203A7,2
51A28599A659,1
A07BD91B76D9,2
50EAD64FF943,2
556A3A781745,2
24FF8F84C76C,0
94E550CE18F9,0
052EB3F60B84,0
B2DDE74B2B6F,1
EB7363932F26,2
A346C408E4B6,1
DB661DF80027,1
2A4E1FC71606,0
573248117BC4,2
94E9DE7F69CC,1
A2B57A5DF496,0
B21013748E85,0
AF245110DAE3,1
DF5139800BD6,1
B81D410671AD,1
8CA6B85CA0B7,0
276CE092B149,0
B2530D9D3118,1
9D65792CDD08,1
03BEFFA69CCD,1
FFC09B6F0D86,0
85885230D292,0
34E7CC2E574A,1
24C35A85E066,0
710C07F58363,1
4C48864A52E8,0
8397AE3D3DC0,2
3FE526D08E46,1
EB52D35C34C3,2
79C037BC4249,0
6B6043D34EB0,0
0AD860107EAE,2
2D6DF481C25A,1
4450E1EDFC95,1
17AAC7FBEA6E,1
B0D5B784EB5D,1
2E29CEBEDDEC,2
71ABB7E09160,0
C51B66E060C5,0
8CAB876010D3,1
52A62B9111DA,1
AFA2F146A1E8,2
627530EBDF73,1
317EEB9E5DBD,0
DA2A4BAE019C,2
CD7A2178B11B,1
54D238544DB9,0
4DE3E1B99CCD,0
F29F8B59FDA8,0
2199EB0A9270,2
C98D0A4B85C0,1
8BA2E06F129A,0
57B9219D6DEB,0
934393010BED,2
B89989802670,2
88E0BD9DDD97,0
A34076640976,2
99866EA6F9F2,1
88556CFCBF5C,1
F71F19BA6CE1,1
CF2F677FC90D,2
428BC30CAC82,1
8FA298F4B0DD,1
D47067F51408,1
137DDA7A44C0,1
7AFE7DEFECDB,1
3A4C92AFDEF9,0
E74F5F31B246,0
744F10C43386,1
26B7DC2B26CF,2
F94D43BB54CD,2
99EF37F55700,2
F0F40E7BC2F0,2
A0AFA45A0670,2
7DDB0A34EDFA,2
AD5336ADB2BE,1
EED7DEBA7A23,2
2E4F1434C7D6,1
B5147A4C5DEA,2
66C0BC0C72BA,0
87755620A2D6,0
7065B4B4BDA0,2
2DA22C56581A,1
8747EC79650E,0
97E641BBE1A3,2
78C98836580A,0
8927ED88951C,2
15B45FF39A8F,2
DDBE1E1D2B94,0
3FDFFD7EA284,2
FF3067C973FF,2
AA09F2EC67D8,1
6C6E828684C9,0
4CC160046B61,1
E86E7B605AC1,0
D2E37BFD227C,1
86FE5211C67F,1
CF60BE089BB9,1
9163DB2681B9,1
394A40EABBAE,1
F2F2A6A263BD,0
9F600083832B,2
83B59221CC2F,0
B280ADCCAF44,2
EF2457B1FD6C,1
159D229B9271,1
ABEDC95D68C8,0
60FB75A1D613,2
F6834F23E68F,0
DF9D74946BAD,2
5E5CF517B3C1,0
6081534040B5,2
A3D439B243DD,0
0670311E107A,0
904BC6D111D2,2
22AAFFEF72E6,0
FEC9CBB16F07,1
BCFC169E7393,2
7CB4FA82BA8B,1
2135C8EF3EBE,1
6168C0304449,1
611DC067552F,2
A768F0822165,2
FE519AC9E9C1,1
D20E2844D2D0,1
543B59B271DE,2
D67F965B8650,2
48419686E794,2
86D75C0F78C8,1
9E86737C294F,1
1D4687411B36,1
80C6F8F59995,2
22D44DCB5826,2
E94C4C90F0D4,1
9F1EC0E1C269,2
46506B049DB5,2
7BC699E27154,2
E88FE68F2E7E,2
A9E5876814A2,2
3033E4E34D4F,1
7A3B0498E382,0
9D3666A10F33,0
6212F0792CCF,2
B989EF63BAD0,0
B647A68DDF1D,2
9EFC81D974BD,1
B27215DF9A33,2
F2121CFC0757,1
B0F734CE3F97,0
7DC327EA3FAE,0
02B2F987EB67,2
D1D1A92622C2,2
6910F9DC5F53,0
E2FFCFC86EF0,1
F11C0C681C0D,2
DC82A143EE22,0
5691FAA88CA2,2
6AB2E68E8504,2
6D372C6ECAC6,1
BB660C3D231B,1
54B3CEF2CE19,2
E3D9DB378CDA,1
14F75D5125DB,1
EC4C290348A6,1
0BA6DB9677C7,2
0B6D0F0FCDA5,0
3BF26261416F,2
BB5DD7B5D542,2
A6AAA56B8F70,0
C6C4514F8CED,2
358FD8CBE659,1
47D8698F86FD,2
0E4288AB0B9D,1
9225615BC177,0
C453B00D1730,2
B947194459D6,0
7BA863D35B03,2
E36A3AC1B04D,0
E636F756F95F,2
B3BB74018459,0
E3A6771875C6,2
0308E99F215F,0
0134992D62E2,2
C6C195ADD6FE,1
E755C273984B,2
7F46F5A8BABB,1
AA3431658F3F,1
90F108BBD272,0
537BEBFD9FD4,0
09D40B7F6B93,2
94B12842B5C4,0
1BE63C8A2EC8,0
C5863B6FEEBC,0
1F59F50042C0,2
66A61EEBABFB,1
D572D7870257,0
5F78592B833B,1
2593C7B676CD,1
190FE8FF35D0,0
98218D4A0525,2
051C0F4CA700,1
7D9A5432918A,2
0AF022B26944,0
4166C842D944,0
0E20E830171C,2
F2CDC640223B,2
07F533251FCF,2
E1109D4171BE,2
104215576795,0
C2D21B48FB47,1
D085CEFDF928,2
795B63A29900,1
19B3C0C578CC,1
378E5109C1AB,2
DDC006EDF104,0
8849328CD65F,1
30294F7C0373,1
CFCC70FCD415,0
41C72D67D0FD,2
237A9C032FA5,1
DB2744CFC3C0,2
C8C309147AD9,1
3798031AEEA6,1
5E03CCDF6D20,1
0CFF0D60DE12,0
255EB562DE3C,2
E72326D4313E,1
F3EEE7769F9A,0
54FB0C07DD3B,0
202C47FDB186,0
0AEA8BE7F226,1
8BFF27131553,2
CF1429B7B724,1
A72406BA4E83,0
E235139E96ED,0
F2AEE80F08DF,0
0B1A095ECCD9,0
CCFE1B7EF81B,2
DF4E5739E130,1
1CD26D42C33D,0
CFA5857C0756,1
8B112F48968E,0
6FC456D2F97E,2
EA44B9BEA1D9,0
C2BF431D72B6,0
5E4C36475E11,2
E5156507CE9F,0
6D79B39A41BE,2
8F7F469DD1D0,0
2ED496A33583,0
C4A896D75518,2
2FC22F59167F,1
228B8109C05F,1
5E544D47B93C,2
3B2BDF9AD361,1
EE1AE76FF7A3,0
6F29F653CD8E,2
D8CE64F7A67A,2
706AB333BE1D,0
71A9B90DF0A3,2
2A1E58DCE480,0
FDE942E0517F,1
37D82D718E9C,0
385261E67B71,1
9A0C8BBC1746,0
BB457FA637ED,0
C89FA018C1B9,0
824CD587CB77,2
2F5E52705A59,0
7B5E0E115F6E,0
D125D56E2A40,2
D6EB781BCAE0,2
9029A1475147,1
67B6A8DA0D8E,2
BFC7CF799AB2,1
7465C837AF3E,2
E174644E892D,2
DE0F3950623D,1
3B4992BB0100,2
5A5F44649BD7,0
1899CCD8F9EA,1
1AC3AE2B9D0A,2
CF9AC76C88B8,0
7A4592F875A7,2
A8191AAE6536,1
C14FD9DB315C,0
79E66F1B2F9E,2
9BC657156150,1
801E6F6A1E1F,1
75B30DEA451E,0
30DD6546FD57,0
8921BEDA2FCE,0
2F78FAC2AD4F,0
F16645640DBE,0
D51098EEBFFA,0
55093CDC4857,0
49DFBE322EF0,0
0E581E6F8019,0
9869AB7F5F1E,1
6F8CF857A593,0
EB4E4F7B7788,2
502438C08817,0
EDE3683DAFBC,2
393A13C141B4,2
0722E02AD187,0
F5D8451530D0,0
4C6E69B759DA,2
FA5B8BA01650,1
AD81ECA3BA20,1
CDAD988A231D,0
5648D33AB031,2
3B785E98EF21,2
ED28ED284CFC,2
A188175F9263,0
3D28F8C75532,1
EC2E4F748D73,0
BBF2EE843A41,2
CB04B68A8E91,2
59D5221B4530,1
47E48608878B,2
60E629807D47,2
68117414170D,0
038F51684200,1
1D56B1A9DA56,0
DC49ED32E5F4,2
6A2F7003CAD1,1
D0A6811FA8FF,0
708F065A0417,2
EC723F8C8E6E,1
43000FDEA9A9,0
A919E0D574DF,0
D93EF3440174,1
268CAEE7D87D,0
A1AEF081364C,1
5A5A882C687C,1
8F8DD48E11EE,0
B00C852FFF4C,2
6F3328832681,2
1A4C116B9AE7,2
A6546D38A41A,2
956DEC933D39,0
6CE38BF415B2,0
670015044204,1
F170412A5388,1
F5038CC9B40D,1
B4F98A488831,1
26523F4AE2BF,0
635BE7B55521,2
3BF99954C800,1
0E5F99EF029B,1
079C0BC0DFB0,2
36AA61B81F8D,1
EAF0EB55EDFF,0
E9BC3D9FD1D0,2
118FE8DC8F03,2
2A27A9EB1E3E,0
2914A04A7F7F,1
936902DC9EA1,0
C838E21B214B,2
C5BED38507F5,2
BBC4A5366386,0
94A0AE9E0110,0
4D98811B0E4E,0
A0B5B82C47F4,0
4DB7C5598A64,0
0EF9D1BFE92D,2
C102D4FC2DF8,1
F4AD73D5C61D,0
34430AE71C5E,0
67883CF159DC,1
601546B9EBF6,1
02EE2918B49E,0
4EEE73A1C0D1,1
3364CC6333DE,0
C9A24A132A6F,2
17ACF8947214,1
9BF5FAB6006E,2
E50D5AA9B73F,2
03EB36666908,1
42511A37EA20,1
1B6FB3A3A9C3,2
42699D389305,2
66384F42EFD4,1
25C7A37FC4B9,2
B75BD1BD4C56,0
70A71FCC8C42,1
EBEFCB25812A,1
76CEEB7AAA4F,0
A66E94955E16,0
6E87A6A523BC,1
443EF22FEB4B,0
027AC5B835DA,1
19619F9C0267,1
6C2BEE324839,2
174DB0A45704,1
2250A485819C,1
623351973E7C,2
DA6644F1BB2D,2
D8B05D091DBB,0
87BE647A9A04,1
82691B18C6B3,2
E651C9CE0EE5,0
8DD5A22CC09B,2
981A1E74F8B9,0
136804815D7A,0
BCE13C6C40EE,1
1CE6A6761CE6,1
D5D3F0BA6A8E,2
AD6EB878ACC9,1
1AC15CD9B5BF,0
41D5B5A832E3,0
8FE5BC288A87,0
1861D381B410,1
F5CE39763890,1
D23C6607A216,2
E786BBCAC183,2
27DEF58C6E06,2
4794140B1C43,1
894F5E15B0B0,1
F4F3146ECF7D,2
67A37FA278FB,2
1EFBDDDAA0FD,2
5ADF413942CD,2
23F6F389AD9C,0
6D7F9EB86672,2
E087FD9829F9,2
5E663957D186,1
E401AB6DCA6D,0
74D3EC257153,0
029401E26275,1
E1F38EC71661,1
5E8EC5AAEEFD,0
EC7FBE392957,2
93BF0A2086E3,0
B2FFA5FBCB3F,2
7184F1291550,2
8C85201DB915,0
C5867B29DB3F,0
2B50AA70FEFA,1
1E6802B4A3D5,1
47C35D451203,2
3C6FBDD7EC56,1
87D8CA4B9FEB,0
6DDC3EF5336E,2
DEDBE29F1744,2
A5BDA461354B,2
B46516B3613A,0
4C179EF44839,1
A40B3497AC33,0
47C2F5788C01,2
A14A6ED14C05,0
FCAEF44C7540,1
6837D1E9D4F3,2
B3380E382698,2
49CF005E347E,2
E08BDA449101,2
AC866D804B13,2
7415566FC6B4,2
555F608468F4,2
601BB0D7A292,0
E0FEF63BD8EA,0
474D3D695C5B,0
8A4E017A2219,2
5B7DB7750610,2
7E466053B6DB,2
A37B4B67FE88,2
47590F4B9ABA,1
BF9B713535A2,1
91FFC7E48D9A,0
AB63C49EFEC1,2
F7D720607152,1
B523D627BA48,2
93CE45E73043,2
7B60E3A1D1D9,0
92B2D94D2443,0
9B1A347D8856,0
9A5ECB51A63B,2
FAD83EF8EDB6,2
5B128F7BF0BA,0
AFABFBC2A825,1
18340AC8D8D5,0
7D13EDEBF553,0
C8867F38A9F7,0
F4058E78988B,2
A744F59B22F4,1
ABC74D89ED68,2
E6B08E5BC28C,2
29768E20DA85,1
2F27BDDD6D77,1
400B13F040C4,1
97C86036832A,0
5F42D34E8ED0,0
80C30224BAC5,0
E6BA499C24C3,0
68B869DE6C5D,0
210083B2D472,0
D2C3328F7AC0,1
6FDE6A80F53B,0
B2C794B26EB5,0
5E2BF0969343,2
90B3E7BCCF32,0
DBFE66BE007E,1
F8A41A88DD23,2
520DD6122EB3,1
C2242EF99C54,2
749B3F643E6E,2
06497833DE7E,2
B9DABB4A4BD3,0
3AE3D2E6EE46,2
4CF50DEE732B,1
D09F835BF656,1
267093993ED0,2
E0156CEB6224,0
7B59EB3D2CC2,1
AF7EF7A9A8D3,0
AE695436E434,2
73881BE2E858,2
962414A10A8A,1
B75D8747CC10,1
BB787AFF6176,2
D2175BDAD150,2
FC9261876909,1
2D61C0132CCD,0
1C9834B4DC87,2
2B342EEDDA29,0
5CDCA39BE937,2
6DD7F91DAD54,2
A3B48BDCAE35,0
B6E1199B56F5,1
79B739525A33,0
A2047C266CC3,1
516C0BC87DBB,2
B244A47B3E52,0
E0EE08311E5A,2
CEF70BC118E1,1
FF0E5F9765FF,2
F172E788A636,2
63DA4020D6D4,1
5F7BCEC608A4,1
26D7FAF0583E,2
4760A9086275,1
0468A973995C,1
3DFFBB6F1827,2
266C8E760FBE,2
DD97A777AE9B,1
932DABE4EA56,0
ADE7E46DC7A8,0
34D73CAE8BF6,1
8584DEC9EC65,0
AC78B81B87DC,1
6323541D9B88,1
B0FF278E4153,2
4A4134B2B788,1
55E6137A5E97,0
B69A3CF32778,2
A3BC884038D6,2
71516FDE7F3B,0
B1F25B7DAC03,1
A3B28B3E8326,0
E7F2EA451B12,2
40E121D26BF8,1
E4C5FF684800,1
B61806A6AD32,2
874E349C2A54,0
9860DAA4C8B5,2
5505FCA42931,1
7CBC1E7FCFF3,2
9B995DA447F9,2
2CFD27693666,1
E8C4EBF0CDEA,2
54DE40800490,1
DBA32933420C,0
6BDB1D9BDB5C,1
49E504899A2A,2
FC5BD8C50FCB,1
28EDE552A1C2,0
5210F0705671,0
1F5733F50EF2,0
4B77997383FE,2
D0A989A0DB2E,2
91638C2EBAF2,1
B663DCAB3738,2
11C512989192,0
3485541567F5,0
80CD88B8A668,1
618022DF431B,2
945DA0CF7390,1
31CAB79A1155,2
641FF8603774,2
E811072DB5B7,0
388EF22BFAB0,0
B78FCC344701,0
22760CEFEB7A,2
9329F722F360,1
FA69CB4DE5F6,1
350A48034178,0
8D7FD0473186,2
A45999E863AC,1
F9868B97E57B,2
259A08B9CC80,1
3EB8F57393E8,0
D29DCB23EC4A,0
9DB02984682C,0
127A7AE23EC2,0
5FBC00DEB93D,0
FB52D7DC9139,1
FDB7C3BE456C,0
B027885A8FEB,0
9CC3C590D5DD,2
6562C44B528D,0
C16418D6AA80,2
2012627D2D94,0
06AC02FBBC43,0
5DF07C503BF0,0
541E2D464197,2
B4DBFFAAA4C8,1
6A2DE4874FA2,0
C0400367FD4E,2
23AF21B87AD2,2
6ACBA2947E49,1
A1A3251826D8,2
11F9EBC0F1A7,0
122E4F4A7E52,2
A51ABF280728,1
1B071DA55B99,1
7563890246DC,2
3421262D8202,2
8519057E3E35,0
18A154084A11,2
008979FA430B,0
9568AE95FAA4,1
F473C6A06F82,0
748B88CDF508,0
E07B30927052,1
9437E21F2DBD,1
3A77D9B47F89,1
CCBD22759811,2
7305F22DEE6F,2
8D08EB65CB44,1
42F44D89758E,0
8C397B9E2A75,2
904D03E9A91E,2
66ACBD54C909,2
C56DA52A266A,2
032DDAACF791,1
5E0295BE69F6,1
996A1F552BC2,0
0990CF02E4BA,0
00E1CF0FF208,0
971C4B5DC6DF,2
E2D636550CF2,0
BB8914F521C0,0
4BCBB84B9C9F,2
1FF9A3C4A5F9,2
B969F8072B28,1
B1CA74587CB3,2
B18D80105ADB,1
42814BF81500,0
07A6561D19D5,0
A5E5CCF651B7,2
57C3A682B568,2
497BB1AEDF96,0
0BF9ECD0234D,0
E97A77618280,1
74BB1B34F3C8,2
933980A099AA,2
7DCA3AAE160E,0
F6A4011E624C,2
CD7043736278,2
C729427335D2,0
628C03770C2D,2
60A917B8C737,0
83DDE1424F0F,0
4DEEE144F952,1
AE8055CBCB72,2
3C98832FE95B,0
C9BB082E9C74,1
785434C0E6B2,0
8965CF29E87F,1
4F038154B7F6,0
8E88965A1B4F,1
992311D34AA8,0
8122A294E420,1
C1245FB30937,1
3198229B12F0,2
9BD18FC2EB0C,1
7A7D483578A4,2
A81FFA686F44,2
699E4CEF608C,2
BB18E90777BE,2
C776230565EE,1
326A898FBE24,1
5C5E3E5B8410,1
15A9C693F991,2
2D8816133756,0
002CF8F31B5C,1
789FE8CC6CCA,0
A6674AA2F7C1,2
FADA60EEF31C,0
95388196E407,2
4D912BE41DC2,0
DF9E6CF1E24F,0
7265453E40E1,1
BF512D674741,0
444140360008,1
52981ADDD5C5,0
D18329DAEBF5,0
838F0C0E2FE6,2
56E2A9DB9085,2
CFC3DC85A4A8,0
EC0F2CA89140,0
5CB39461CF52,0
7FB9B8803565,1
1E583A4EA6E9,2
9433206D7BA8,2
1A461D0E2E32,0
8956A9B9A349,2
D2347F1863A3,0
125BFB233DA5,0
AF5B83728608,0
6FA03424304C,2
F70EAB3EF6E8,1
3C1E9B644F78,2
B22262D016BC,1
C010608C54C8,0
4509F39BBF0A,0
56219014AA70,0
52E3D01B6726,1
55FC8D2D331E,0
A7F97D06E461,1
66CFBAE6FC8F,1
8CC01E6FAB03,0
403B0A747789,2
8929EC769D30,0
9CA76CEEF434,1
80A1CE03BE76,1
AAD87189593D,0
C1DF0A939E3F,1
DF0B9C018A1F,2
2D19A2B291A8,1
FBF4068AD07A,2
0C7D61CA40EB,1
512A6327C367,0
89E51FACB75B,1
1F302DF2BD28,0
5EE1B1DFC764,2
28A078A7C187,0
F7F7CD853081,1
9BC9DA7A2F2F,2
541F41F2022E,1
00A36B3A1724,1
89C30AD1D901,2
1150FACD1819,1
214200CC032F,0
90154A0B3487,2
99F082DB5F63,0
36839656048B,2
F1DDF12D2F1F,0
310A5009452A,1
AD67800DEC03,0
C4724522D119,1
218054F7AF89,1
1858838BBEFE,0
9CCA4557E873,1
6B3ACAF47B8A,2
886A0A83FB3E,0
5EEA0AFB8F40,1
950D29A4F2FE,1
237D593ABE8B,0
67934857C391,0
D48D91C94F7D,0
E9B21AED403D,1
EEC6E28F7CBC,1
4086765A1525,2
1D6FC32AF5FD,1
C358D8FCC88F,0
E863F32EF2B2,0
7F717707D88A,0
A6CAE5FBD240,2
70EFA43061D8,1
097A23B74EA0,2
83EBD3FA2900,2
8F92AFBBA8C1,2
1B5B74313388,0
0C42EF2018D1,0
F09C08849DEF,0
01E0BA88C1EB,0
19A4BFC8DF9C,0
2D52A4B7AA83,0
DF1ABFD0A45B,1
6E45ACA5A835,0
C3A3FF1D03C6,0
BC144308CF62,1
45E8EC4C3BCD,2
B1EB37BB1D79,1
77D3AF286E92,2
5149C4E46399,2
12AAA0E8EFA7,2
E38CD7E6F73C,2
AC242A403A8E,2
D243340909D1,0
B65D330EAAEA,1
57E65D2780E0,0
E550D9440CD6,2
32DE9A118987,0
8E23DF8CD69B,1
6D1D5A8FB828,2
9984A8FBC2AC,1
5D465CAC5E3F,0
BB7D97639A93,2
543F9868F02E,2
313A686178DF,0
743E8C5C20EB,0
FE1D1BF43482,0
F19898D87EC1,2
A9C969AFCDE1,1
29DEA89F41BB,2
A9BEBCFCB726,2
057C78C7C55E,0
F2E533033244,0
616ABB3DF000,2
D9F043ADA331,2
AAE5DA9F1758,0
25FD3DB48448,0
26CA36EF89B8,0
0DE00CAA6DC0,2
67A23E3B5F92,2
465E22A4E3E1,1
5FE9BFBF8110,1
79972F95800C,1
A8086B071D3A,0
E352B91FBBDD,0
D2B4BA660DC3,1
7384D28295BB,1
C0CA87340DEE,0
B716D0AE5A19,0
B8090D61D65C,0
33CF802D4D50,0
F6D8F1B8B4F3,0
4A4C1B9644E3,0
CE670ACE6781,2
2E773C2D2A83,0
6A1DDE882461,2
CAC1DAC808FA,2
279229638739,2
6FE1DAC948B8,1
8468A9DB7BCA,2
0D2C39751B0B,0
6F538E348CCE,2
D0F67023924A,1
3804DDACCEB7,2
BFBBA9AF8534,0
609A09C1D7C8,1
256A78215267,2
E3F04FE60BEC,0
B9C42B414324,0
A5FA5CEECEDB,0
B010DF8B56F9,1
06DB46B523C8,0
6E77D93275E3,1
6C58F8457EE5,1
55B0E3216F3C,0
4B986FA99B7B,1
18F02FABBA7C,0
1E99A2DE8CE4,1
21294680067A,2
5A6619E9038A,2
A72A3F917706,1
ACA544F35243,2
B7A78D4FDA69,0
970F4B1B4CBE,1
949B4007F7D3,2
0F6BEA6F2E2D,2
04A86F6BFB3B,0
BF838E016685,0
4BC6C1312212,2
6AC2B77F5449,2
529B44F2F2B2,2
C45F5686167E,2
AF0339B6559E,1
B57D71D1B061,1
15CE6C065633,0
CC3C63EFCAA9,1
15093788F3FF,0
7F65095B69BE,0
F932185C7641,1
67B1052DDB1F,0
8780DB083C2D,1
A6383E693595,0
6FE8D23D174F,0
5ED81E4DDB4A,1
B6BC4A29853D,1
8036F0EC285D,2
84A10DB630E6,0
BD45EC2C799D,1
2B5D4042199F,1
7E33A2F8392A,1
63C859DF3EFB,2
B11FECE6B617,0
8FF51FF63109,2
E407DFB10D0C,2
7CD530F5A0D3,1
C937983F1A49,1
86A3FCA8A254,0
A395B5FB989B,0
4978EF85E244,1
F91D3D72AC0B,0
2E32EAEF696B,1
2FD291E3FE14,0
74BF9438ACA1,1
E56E2B0B26FF,0
98104FB7372F,1
C633E2644559,2
4133AEC85F22,0
400B789122B6,0
0B88DCF68C31,0
79C1B0703966,1
5919B41CE0E8,2
5C91B30F29FE,1
600A95D7D7AC,2
FC901DB40A92,2
BD309D91BBF5,2
9B9E169FC3CA,1
DDA4839FCB97,0
999DCF15A9D7,1
7859E181D4D8,2
A24D3091094C,1
3181FAAF5BFC,0
7DD4B101113D,2
CF51A5C50D49,2
080BB414B40F,2
091846EC1DB8,2
3E95C212C643,1
5EBF8796F5EC,1
DAE8403663EE,2
02ABA43BAB5D,1
358D4FBB9347,0
36E65A45F265,2
0958E6D3EADB,1
6310F4985E21,1
17E12D3E5C68,0
6064FFEC26E4,0
C9702A0C08CC,0
2C6C30C38EF3,0
F061A6AAAA53,1
BED7E973D451,2
AFDBE5775320,1
6ED258F9E3FE,2
7E4C296B585E,1
1CA08D7271F9,0
4DA2410ACB0C,0
CD0E117D2FCE,0
6FFD66B194DC,2
615E040DBDED,1
B0CC2A7A50DA,0
CCAE779F44E5,2
11CBC158B9CC,0
0A2751CB3A8A,1
C0F3527AE5EA,0
0AF876064D12,0
FF074823E72C,0
364B029CE9F8,2
4DB6C29823EC,2
E585E9037B7B,2
E2AA1088C1AC,1
5F74658C8333,2
836D210434BE,1
BDE19FBE2947,1
DE9F81878F7D,1
3821FF23743F,0
03D104B7D097,0
158611995F6A,1
FE87D21F40CA,1
D7961682F37C,2
E6E04AC4CFE3,0
1721D03769FE,1
D71487967280,2
1D10BF0275E6,1
CABD6CC813B0,2
5DFA8BADB926,0
0BB213DD6667,2
BF5AA381AB2A,1
BA85666A096F,2
C0557349C345,2
5463D55A1D1A,1
93419B0DFD6A,0
4247734DC303,2
E3AF340CC91F,1
E3CCD1EE9143,2
767E039E91DA,0
48091E5DAA22,2
0726F36023B6,0
ADBB46CB1758,2
C6AFD5512C68,0
7586DF862699,0
AEC57CCFFDD1,2
4E97116777A8,2
3623A933F03D,2
A6E08725E2BD,0
EDECA58C9C5E,1
F8D8503E3BEA,1
D5F6A427F486,0
01A1B137FD2F,1
44F16C909386,0
8E9FF8C76F71,1
5F280B658C75,2
856667F24BA7,2
1B2BE28A9252,1
118302934402,0
755958DAB90F,1
295955EEB784,0
607F1DF27337,2
D48ED351AC84,0
7294522BEDE4,0
833BB38F8AF8,2
75DA7056CCD2,2
E100A24329C8,0
CBA25E6B76E1,0
4C68D997E3FA,2
B5025220C792,2
51EE94EF9AB8,1
8FD733F574CE,2
2D8ABA6B833E,1
409D312ED507,2
9D8503386485,1
01616EE08A51,1
0668460A058E,0
7752D05E301D,1
6847A2302956,2
9A14A83B9405,1
AFA381B7B2E9,2
580435B79434,2
C77765ECD499,0
BF8582B1EAA9,1
0A5DD4F26661,2
025B767FE05E,1
0D18B86029DA,1
3B57D4025F20,0
CC35F2C1DFF7,0
080F55E6292D,2
88940ED16C57,2
83BCC570F9DD,0
2A093A5D7B60,0
11A03A60B64F,1
B0E679092FDD,1
FC97D347788F,0
C0285380A381,1
B283D54ADDCD,0
998B8CD7B42B,2
A2883C1936A4,2
33020E4557B7,2
A69037296379,2
D151A9E90CA5,1
DCB4B256D4F1,0
2C894FE81B88,0
54387FB74819,0
FE3EA5F17613,0
A48B9052CCE1,1
34F3C36BAACC,0
66F3A274C582,2
E6484260E67B,2
D1D6D65879D3,2
93FAED164978,1
6C083F36920C,0
59FBC3057380,0
1002C6B6F71F,2
628117D0DA85,0
B7366FD9F19E,2
02985DD15E56,2
21F3AD77442E,0
E617B258D5C7,0
1E14AE57B62B,2
EB530622D59E,1
CB91FFB5B4DB,0
506AF1989831,0
A10EFF8A8489,1
973CD451D06A,2
12501E52C1BA,2
DF8477F9DADF,1
D3F7CE918421,0
3B7A1BEAD0C0,0
28A21F5267C2,1
A25651B6BA03,0
0D68BF959311,0
8E7BEE84A360,0
1692575923B6,2
C848BA858422,1
CECB7438C766,0
7990FE6B9BE7,0
15D2B08929AA,2
77B24705A6BD,1
24771E5DF4C5,0
E507199B5BEF,2
C3187E2BD6C8,1
2F42C99712C0,2
CE0B3F522560,1
5485B850A8FA,0
234EF11BAF0D,0
F9858C714EDD,2
62E141E13BE9,1
3FBD7E934AAC,1
FCA34D16D20B,0
CBF14F879412,2
ABE43DEBE5EE,1
97D2AE9EB3EA,0
FA72A8C079A3,2
D5874194A3C0,2
05FB605504FE,0
D0725DEED7C2,2
A1F5F137DFC9,1
9C2D66ED23C9,2
C025A133879C,2
BBB5DAF30EB9,0
330AED2D25FE,0
B10DF749B0D0,2
F0AB39F125C3,1
0D6C45128072,2
42C65A05504A,0
CC89A5DDF9D7,2
B28311E97BA1,0
A52E109CB2AB,1
D68945DEE656,2
E14D43A910FC,2
C23EBCC56463,2
ED7A71044959,2
BAA615CAB551,1
6F5C78BC655B,0
A8734D91CF40,0
AA7F52B9CF9F,0
B7110BF930B3,0
64C19826C004,0
0A4AD4DCC57C,1
21F9EFBB0291,0
62B1562EEE80,0
D57586CB0066,1
87E53D632C9F,2
8D01F4CA942B,1
9362B7A958C4,0
CD3188689B3F,1
32A2C7574729,2
F4C70B974C26,1
517DA56E103D,0
837A3C3B6F94,2
7A63A998412F,0
D74C7B05D88A,1
026226C2A713,0
25F2045AC605,0
F98D17D69221,2
CC033105FD74,1
74D680BC97CF,2
F860D8BB33CA,0
F4D95E844BF6,1
DE434601768E,2
8D2E6175695F,2
4BC01E25A562,1
BDAD59E58F8D,2
C77FECAFA40E,1
2C0B00F497D5,0
58C2FD5CFA8E,2
08420A299BA7,1
508532F9A946,0
1748A7C772CC,0
11A856BDF65C,0
1259200CBED1,2
194949B4BFF2,0
B3A88034C493,2
2985CA7055E6,2
F8B02DE2597E,2
617DEFC6917B,0
DCCBC1E9D834,1
72B1AA1310D3,1
EF471B3A62FF,1
E94D0ACC2B41,1
220BDEAD3066,1
0BDE496A141C,0
D12F5EE0E18F,2
8F5580F71995,0
A328822BA76D,0
453330BAFCE7,2
4D7AAD8CE409,0
FE3388E419C8,0
C6B2365D45FA,0
9CF8B015ED60,2
002733474FD6,0
73516B09F33A,2
00D82EFD0EC8,0
481572EEF089,1
A6EB125A7A39,2
005946B3B754,1
815EC778A20F,0
E41C9CC3FF63,2
491C05317EE9,1
8DB4CDFF3FF8,0
13C266B82E5A,1
C297938F5BB3,0
333A4609C3C2,0
87D8760F3F78,1
B1BAB8B36722,2
D23A3D0ABF5F,0
7088EF535F37,1
4B5A98E2FAAF,1
2EE438628C14,2
4C6E06DD978C,1
F217F22EB9E0,0
D0266564668F,0
9F2283CFD9C0,0
CB7FEC33761F,1
47BDF4C0C885,0
C310E538C179,2
04833FA691D4,2
25F5851A64BD,1
773CC28FF65F,2
93CB3C4B95DB,1
7F553F67E700,2
C0F9CC993195,1
F44462A6C142,1
C42726B7F926,2
32A59ADE6195,2
5E212F381A64,0
5B2B050CA8E8,0
06E5E8CD97D6,2
6E9EFA9EDA02,0
83F93B9668AD,0
BD8478D9D044,0
86AEBF561895,0
257B763EF8E1,2
29753DB4B76A,0
38AD9C04CA73,2
831B2091CD60,2
878D439F00FA,1
E7C257E97E3C,1
DA01F85FFE83,0
217DC42351D7,2
95151D5EB29A,1
91DEBC6A0569,0
E6B5F5B303BE,2
179977BD72CF,2
2C9A31EDE236,1
54A59B6D186B,2
0D8877DDE2C4,2
15B3CF9F7ACF,2
E3A7DA83129B,2
6DE21E97483F,0
594370D6C312,2
CCDD56F4E14A,2
C10DF6E4360C,2
225064FA0838,2
6CF7832738E4,1
D99369D6ABC2,0
2B2A5623EF33,1
38F73D61B59D,0
90249435F41F,1
8096A80C3331,2
08EDDBC52A0F,0
E84116CA18FC,2
9676429562EE,2
4FCDC06D2B4C,2
D3EAFAD60DD0,0
B8E6D116A87A,2
C6627C95E530,1
57F2A63910DD,2
5B6DD3AD9213,0
9193885D3493,1
FA04A0DAAA2B,2
EEB7A28304B8,2
16BDDA65F8DB,0
4D6C189F110D,0
D776779D92E3,0
8F756451C695,1
211BEA4B2807,1
9CA9E83404B6,0
21CE6EE6F381,1
31B51220BECC,0
A92F294F8336,0
049050828A5B,2
CF7A948F383C,1
BA256BAE28D8,0
BE289A10F856,0
CCC16E58D1C0,1
3E02047D4B2A,2
70F5C0ADE500,0
7756599EDFDC,1
1AC4D4488904,2
B1EE400E919C,1
C800BE63A390,1
4B23056E2A20,2
CCEB7438F2FD,2
56D88D67ADFA,0
42DF59EF3549,1
D37D92765A31,0
C66BB3BEB0DB,2
4CE17026DA6A,1
C5D2FE51F3CF,0
CC923246F792,0
E2BC4C74E57B,1
E149204C699F,2
CF1E36E3FA6D,0
92EDC7BE3434,2
EC184A3A70F1,2
C7D3A6EAF284,2
7682D19FA380,2
8F7F62B76E22,2
B485247B4BE2,2
9D2DEB34E0A7,0
DEE5BA0FA911,2
D031D12A6EB0,1
44E9EC142DB6,1
E2C7BB893485,0
9789DCE1750D,0
0278DDC65931,2
6A7BD6F1F595,0
87037DD91A4F,2
EFC9CE6ACCD6,1
51AAAE0F869F,0
4BE7958A5A05,1
14341D4A568D,0
440993151447,0
62BBDC0B5941,0
683BDD7518C0,2
8461CDDA5933,0
A167810B2E1A,0
DC15B3FF7654,1
2488D5BF8234,1
CA83FEB79683,0
342A5D482C35,0
1CF860DE0666,1
6EB2391B5B7F,0
0DB48C9BD844,2
329B97BE6D34,1
38DF99B607CC,1
D0161F2F26BB,2
367AE31A8D82,0
730ABDA210FB,2
5EAF61597C0C,0
B56BC08B058D,1
69F768C51177,2
F86626562B27,0
C3C6B2165E52,0
9AC28472D4B6,2
35660E655E2E,1
071ECD433467,0
87DFA15F0562,2
19F9B0EE32CF,0
3764D5D1EA2D,2
4FE8EDECF8BD,2
F7365781C92C,2
66FE6C568F79,2
650A6158626F,1
697FEA6D84A1,0
C5D127CB1757,1
F6977DAC97ED,2
0A95F1CCA954,2
A05B5FF40329,2
78DA07698112,0
ED9C2F64EC73,0
06BB0595020A,1
A5BAA4178AF5,2
B0D9614042C0,2
352FEFB10557,1
ECD82ECFD1AE,0
EE295FDB5A9B,0
EDB8719086C8,2
88E218585512,1
F974D0D1EFEE,0
C36353739F8A,2
7EFDA77BA032,2
56F3F6BC6604,0
46519CB47B29,1
F6CC76689B79,0
AEFF55824E5E,1
B287CDDD6DA7,2
271197E00902,2
4ACCA512DEEA,0
4E9A4BE0F1CE,0
70863F4134F7,0
8D007FA0965C,1
B8ADD62850AC,2
28C6F8F614D9,0
45734921A3A1,0
476A4BCAAA70,0
9D52ED09C127,2
1531AF77CE33,2
6AF9D63EAF15,2
278F7305A407,1
C052EFDC3D96,0
32869453756B,1
B14249C5230B,0
742107BCE08E,1
D3A99AD22D29,1
FD0A5CF4DBB0,1
EBCA3D963567,1
228CAA07F2B1,1
C7401B84178B,2
0AF43907C072,2
1977C7FA6D8C,1
8BAD7271A13B,1
563C288FF91A,2
9A87677951F2,0
3462894A605F,2
45617765EF6F,2
0E8EE300DB0E,0
32CF48BEC4BA,0
A4ECD7B4CB10,2
E54BC5869F33,0
4E735D0D7B90,2
87D57FBF779D,0
D1778E2C3B7B,0
8D632AF6EF0B,2
BC356A8EE9BA,2
271A535AAE10,2
2DBF4D255DAE,0
65B39277F454,2
E886C6E25DC7,1
348BBAFDAC39,2
0BC55FA70732,0
B50EFF238238,2
B1CC3F2EA6EF,0
7B9D18FDC99D,1
6E57E61D3785,0
64CABDC60D12,1
D5255CDC0117,0
0841514E6178,0
996481D67AB0,2
A6A07556391D,2
C3B49B4CD369,0
1222A820A800,0
EE801C8D3EC4,0
99F7EAC106D9,0
ACAB0217FC14,2
8E30C008D263,1
8B5706C2151D,0
96086467DB06,0
14207CD72098,0
F6F7D675C62B,2
A70D908C8E0A,1
CF5595815639,1
6D9B458AAE37,2
C7D2C1A0F4C0,0
46E62167A931,1
E472A655E84E,0
C5376C515D83,0
B31DC39A726A,1
3307FE26DBDD,2
BCC7B6633367,0
D28C47A9CB99,0
6CE803AB08AD,2
2A49A3732BE1,1
813B9BEEF636,1
E8D8F38AD81D,2
A01698116320,1
341A297D69E1,2
C34B85DF0D84,2
7C1FFA06BC88,1
B7B3B7882C92,0
88BFD38C0E31,1
4EF4DCE5C454,0
5AE9D203DA32,1
536D00AFB2BC,1
CD5A271DDCA6,1
E10C7D2A1F1A,2
55A16D1DE4FA,1
1C1AC1D2583E,1
8EB40C1DE19D,2
E3AF9BC76F1A,2
743DCFE008A9,2
621C3D02938C,2
64B93F5F0E7F,2
8D2EE3623B02,2
70A0AACC15CA,0
DBDE362DD8CD,1
2C972DA4849C,1
F32228706593,0
B47419FDBC26,2
BBC241637665,1
B1C5B1DED960,1
E224CF2A5885,2
77C3E91431F8,0
0B91AC6EAF7C,1
ABF7AE10B237,1
5A0DDA14FAAC,2
4733816452A9,1
FDE5965E68AE,2
BD7C8BF593B6,0
06FE3BD9DACF,2
460D17995D40,0
EEEF15DF7B90,2
B59700BCA650,2
ECC4B7598899,2
A62AEFB07319,1
FC287451B067,2
8C538A310B74,2
AAF784409A1E,1
E8A02D087322,1
2AD33C89AD07,1
452F89C9DFC3,0
2B6980743392,2
24F949B01363,0
B345D7603FB5,0
A93C99EF80B9,2
7ADBC4FC9A37,1
AC05FDFBBA90,0
415EF039F429,1
1680DD90BD19,1
CF97745B3DF2,0
A0CC088B13E6,2
B05386CFC124,2
07EE1EA9EC42,2
8932ED80CAA4,2
7ED02ABF9446,1
6E5B3E1A42D9,0
2BB275742C86,1
D8F1DD0F9C55,2
7BCD61B29E50,1
0D621A91D39E,1
8B71073951CA,1
949F609208C7,0
EAF041A75FC6,1
7FC41463A73E,1
FC92A6BD4E91,2
2C045F3F3DAB,1
B46F1C8DCEE0,2
1BA71FCF4D17,0
E412A0D4723B,1
0A88C8B87AF8,1
ED35BD4E7D0F,1
74B088D370DA,1
B688EDD3FC4E,2
8B6371B0044F,0
6562A389EFEE,1
061AC56A4797,1
ADD27BBDA371,1
B811EA7BBE7D,0
3C5B392E33F1,1
C5F29ABD3BFF,2
0F228AF1122E,1
87DEC9AC9E68,1
5B59662265DA,1
AB9F36B8479F,1
DF7EC45546D3,2
54AF6A0A0AB2,2
920919E723DF,2
AD4E708553B0,2
1201386A85BB,1
E0BB99C7AEC6,2
DC99658D9522,1
C6F15EF5FC07,1
73C174B6CAB3,2
C413037759EB,0
BBE67C7E7C80,2
AEB1E9C7439F,1
C9E1E3AA1E70,2
D693A6506B2B,1
AF209076497F,1
17835B8667D0,1
8197FF890E63,1
AC59750B2E59,2
A5F8197BE2E4,0
5A512569C939,2
0812945D5778,2
D8C7F3018037,0
916E614F84AD,1
49983ED67592,2
37C4B10EA056,1
9838CCE3B338,0
8B197248E112,2
B667FCFF5461,2
66E4E18B6509,0
2A626A64D879,0
C46D1F05EA9A,2
BF5369A2359C,2
A498B38FF059,0
3FCF376110C6,2
34D236FB914A,2
9F064B1E0A8A,0
2108DA71E00A,1
224B0789428A,0
94F47C932EE4,1
EE241CEFF3E6,1
535BAFA59A8D,2
79BF3B819AAB,2
C9EBFA28F924,1
51844FDCD42B,1
D991C71660BE,0
AE170EE50942,2
A6669E765C6D,1
BA2124DB23CA,2
D351A4AFCDEA,0
6D8305C6C4EC,0
DC2B9739B600,2
B28A0C63CA80,1
EB6CC4571B51,2
9D0CE9433283,1
1AE0EC23476D,2
C635D8B0C060,1
31C7C35D1F44,0
194AEE3B93D1,0
3359AFCB3016,2
F6A34B4A286B,1
339042669B62,0
4973D73493CB,0
C552037C1A65,1
6AED67A2D811,2
BC96EDFF9E7A,0
7D4086A379BB,0
624964E7982F,2
D7359DC63F43,0
B000E4ECF780,2
7B45A8D010AA,0
FBEE180C8582,2
4059EF6C8489,0
B72F04D9A6C4,2
F17A75ED8088,1
33053CF4F183,1
DDC3FFCB562F,1
64F8E0CC7998,1
5CD97B82B5F8,2
7266D90E8BD1,2
327FDC94E089,1
6AF0141DF804,2
14C1ED4B2094,2
4C46F845E7A7,1
75E7B17BA755,0
CEB4898281DE,0
254EF77CC769,0
E91E8D0ECC3B,1
D76D83907C81,2
ABF6F11A31BD,2
2CEB9B727E24,2
AEEAB9FD4254,0
55B199B6FDBD,0
1EAF2F9526FF,1
10C2E478B065,1
67FFAE1A122F,0
223F8CFD41C1,2
01FCC1771C78,2
C2DD63CDF17F,1
B33277662B4F,0
94CC02605A3C,1
A6FEF6C7E97E,2
C46F114829BE,0
A9B21EFD1EBF,1
6468B64EB7F8,2
E84D029D12F6,1
45465415855B,0
7D486E608512,0
73768522AEB8,1
75514EFE1678,1
42EE7DC787DA,1
014DE11F5728,1
DE23F357D0DE,1
727D793B8A49,1
7F30781DECAF,0
CD7747CC4BB0,2
E3534A0E3C8F,2
1701634FF8BD,1
1C3A496A1CFF,0
F8E312627F50,1
743D6FBA475D,1
A1D9BDAD35EC,0
C075F6E5F993,2
F5E7652766C6,1
3C2A3EEFF6CA,2
666CC1B7F902,1
DF4C72DD928E,1
B308AB6277AD,0
4BE428C5A1D8,1
7B1A239BC2FE,0
79D631916A23,1
248A9B5FF71D,1
918C0586CFA5,2
8C321651537B,2
35365D2CECA3,0
2090BF95EEA6,1
C22BEF0D4529,1
E716BC2D5BA2,2
9B9634CB1FD0,0
91DE3D1E72FC,0
307B1E8F5F0D,1
AC7E49D45BD3,2
DDEE769C3434,2
E6A88F46166D,1
34D0D600E322,1
6FA5164E2A40,2
6F5792F68FC2,0
86434F0DC490,0
6E299C403EE3,1
126033C88B53,1
D18D5FAA5560,1
4375D17BCFFF,2
7E9888B76915,0
7CCF42C3FE6F,2
9E48CC6A73DE,1
B5103A86566C,2
6194731F19B8,0
FB0A7BD2D524,2
EA95A7C3A6DC,1
A027E8BE0A04,0
FC3444AC732E,0
F3DBA083839F,2
7F3ADFBE8ACD,1
C25B3F36F28B,1
DA12A7C40A63,2
B7ADBFE67C19,2
05B1BC57A497,1
A9973EB687FF,2
E8B2869CD349,2
F6F10AF0BF0D,2
2FD64AA7C712,0
3886ED1E700F,0
1AD861ACE523,1
108C9E570DF3,2
7D3A0FAE0197,1
26858FD5732F,1
C20E5B54E17E,2
D89AB3E29B9E,0
16F6FE1EEBE5,1
69E1B801B54D,1
D36A2A9D1CE9,1
FE1D2D7508B1,1
080B0BB024E5,0
1F3E173DBCFC,1
1EC1403A664B,1
D4FBFFE51C36,1
C3A3ADBE6CF0,0
0C5A73DCC8DA,0
AC42A56E362C,2
0A17AF5694C2,2
BAA6F5186B83,0
D1CF77EAC20D,0
7A64E717448C,1
985975039666,0
52F087027E0C,1
DFAD84BEC5B3,2
30C5298E5991,0
FACE4AED6B89,1
46E79247F8EA,2
92EDAABE6A4F,0
3B629FF7A9B3,2
F86BC44E21DD,0
D5884756EC8A,1
D6E4A765C485,0
C6CDEF1AC223,0
30E830FA3E35,2
E955F2A5C64A,2
C151989D1D56,1
6120361D291F,2
28528D9DCA8E,1
BB3BEE0E6473,1
2FFEE3FE37C1,2
141FCA0C8422,1
9D3A4C135B12,2
134BC1672857,0
C4D34877260B,1
0E8D22A1BB23,2
BD646DB51678,0
2BB6BF12D0E8,2
D9FE62494E28,0
3541913FE5A1,1
9430C223F1F5,1
512D4F0DF74A,0
F432D4CA1940,2
320CB59B5D92,1
2C8449C5BDA6,2
D957400F7E23,0
D9F4CDFD74DB,1
24E18C7B2E35,1
52D787345F44,0
6A3495F3BC9E,0
A34171E6112F,2
73E1EEFC7F41,2
1BADA46D8C50,0
2943DBFCCA7F,0
166F9045307A,0
900535EEDF53,0
173FD3DD4F50,0
93D9BFE8320D,1
ABCA3E2A6A71,2
26A993FFE2CD,2
E0F7FEB23D9D,2
40729AB8119D,1
35420545D354,2
722701FCAA22,2
8EF535ECC6CF,0
A75514AFDBD6,0
3E122A7449CF,2
609F04DA4759,2
10BE816A2833,0
F74D7B093A73,2
D8D736F1B249,1
39B7663CA436,1
B7C4999816E0,1
70F88AB9EE9F,1
CA31E6773B38,0
FAC82B22CBC0,2
A4148D5FD1D3,2
7FECEF4ADA6B,0
2642E4D81B61,0
4B75AD71FFA3,2
B717938792BC,1
3A4784C4BBBE,2
22C880FAB0F3,0
D6DBAEEAED76,2
2842021BA62A,0
F344F498270F,1
42FF41CB52B6,1
F631D8C65C2C,2
C97FAD1E2AE7,0
E2F8F05245B2,1
99550A20D673,1
AD07B2529AAD,0
2615F9D83BAF,2
E4973E08DA57,0
6706B0AFF108,1
30FCA1C38B00,2
AC6228A1CB3E,0
3D9B7EE18F1A,1
6A0AAFA726DB,2
5242B9F51A5B,1
C8E4B9873982,2
6ADAA86ACE8D,1
6A4DBA73E63B,2
5EC53492B138,1
DB57598CA523,2
940695391DA8,1
47AE197BAF15,0
840A9ABD9351,0
7EDE59B18A6B,0
EF9258ECE10D,0
D987DDB6F131,0
0369C49A8208,2
65B93E76E633,1
32676D7FB7B2,1
5E0D550904EC,2
53562817EAFE,1
59FCC252264D,0
362C2553FE8F,2
40F3231ED8E8,1
061480080206,2
8096823AAE5E,2
8440BD34F8EA,0
D291983A9F11,2
8536D98BECE8,0
88E61A5738C2,2
B8DF19D5B3CE,2
50B88BD71B08,2
ECF7385734DA,0
B0C75B02C83F,2
0587C5705357,1
CC0E2264BA42,1
E7E593312652,1
C262E6227C2D,2
6B0E73B8985F,1
DD30F46E9405,1
B75EB6B7C291,1
6F2D5D1166D9,1
2DB0DFD7A1D9,1
644551B161F5,1
40CDC3BDAF80,2
CD01E1D5348A,1
854E4563B540,2
EC6142A95B93,2
DC818511E224,0
610D9E6294B6,0
9E7F2A4BE076,1
2FA691767FBE,2
6AF1F090F1EA,0
8CDEA107B577,0
98B94C3FC2D7,2
AA959C52855F,0
308B8255FBDC,0
EB66269E8420,0
297314ADB56B,1
3AE6EE94A3E2,0
BDC9789965B2,0
874C408035EB,1
A6C9E7F7EC13,2
FBF8BFE2BD83,2
784EB9646FE8,0
A74355628EC8,2
C0719874CF6D,1
6AD752521F40,2
1961D356BD54,0
CCF00FD3EB4E,0
FB41386464DC,0
27374B0E867A,2
ED6085DCF3EB,1
51D58556FEEF,1
A0ADF4313D21,2
C667FC77B728,1
8FD8EC96136C,0
3497329210A9,2
BA9AB4D953C5,2
0B86557C2C97,1
78773094A365,0
A2804584CBF3,0
91F0D9D332BB,1
5F9C7958805A,1
335C6C9A7C63,0
5FAA927DCC02,2
8B88EE9822F3,0
DD648F66FB58,0
A7EB3FEBF7A8,2
42CCAECBE897,0
F87E44B70B68,0
7F426879D879,0
C86AF084CB16,1
B37ECC216F58,2
6679FC7C02C2,1
E70521A437F8,2
E78990CC0059,0
C25F2CE7E63D,0
08B484A55DD3,0
07D8FDB7ECF1,0
D6E9784B1E1B,1
CA15ABB094F3,0
1F1244E720E5,0
E624F696951E,0
97D6353B2A38,2
CB28D381CDA3,0
8E6C85BBCBFD,1
7E2238573D5C,1
0AAC67376FEE,2
FCD48A929DD7,2
E2F41E45C7DC,1
98B2DA95CC1D,1
4EA21333C3B3,1
4EDC038925BC,2
16FFE8584990,2
C32F073005FF,1
AB6F0036B29F,0
4F2FDFA1F57D,1
9215594F4268,0
7BBFF28A0FF7,0
37FFEC9B3F7E,0
0D206CA08976,0
81770428AB17,0
F77A0423E817,0
A103643EA339,1
02290B8C7B1D,1
AFC0A772CEBB,0
3C0FC0DB13A8,1
CBF6AA813E66,0
4F5C21AF7822,0
DFBF816932EB,1
10FC27353E9D,0
CB69660CFC90,1
704FCCEF4629,0
AD59D2E5A937,1
FF6214921A97,0
69A18740316F,0
AFB4C6D82217,1
A6535EFD99F9,1
1EB56710BF8C,0
D39E1C1DBDAB,0
2987CF84FED4,0
DA428ECC5333,2
6BD4A8308A60,2
15E4793CC2DD,1
DEC0E4B75C10,1
2819627201E4,0
2941293A971C,1
0BA381368C0C,2
C750A5DB64E6,1
B07629F76124,0
1B9DB5613A78,2
8E7749CB71B3,0
87A70D407199,0
629948F39748,2
6622D9640769,1
EE1C06C7A83D,1
90AF5E6BD93E,2
947F330A2CBF,0
7714959DD06C,2
5D20D1874975,2
E754EDD73A17,1
07508CC38B9D,1
0F5E6E679652,0
3E31B433FA27,1
472251EA26DC,2
28AF28C5DB0C,1
68E86A66B4A2,0
C13ED6B03D11,1
3EB7470E6202,0
73A5AE3D62A8,0
821FC7460FE4,0
AD137F63ABB4,0
653C4D34D431,2
B279A7C13A06,1
54F51099FE7D,2
0676A80A6AF8,2
16AE2726AB24,0
75472D6AF5FA,1
A7CB6506AB64,2
318970E1B83C,1
2EE3281064F4,0
A10E39A2009D,0
7493CB77A3BA,2
6426F7F253C0,0
7A1B28E8B8A0,2
6C39AD1B743E,0
ABCEAAE3CAED,0
178EFFC1E8B1,0
9F2E5ED49AE4,0
53593FD9DDF8,2
709DA6336262,2
CCA2E3F39EA2,2
12EE53B09003,1
538778DE201D,2
2F896AF30722,2
21FDEC510C10,2
890EE6BF3144,0
27AEE0A2C15B,0
BE491FDA7EA9,0
EF929682507A,0
8ED74FBCC1AD,1
FE3E09542634,2
0E799DF69521,0
B6BAB3B851D8,1
8F18B159D6E9,2
1EF81D54222F,0
5EB9E8B45772,0
0FD6753BC1DA,2
10A70157620E,2
19748FAC0887,0
30C9E1A28FF2,0
2F8C1CA0E112,0
005C39604D1B,0
7ED416B55036,1
8B9E868F73CE,0
A40464ED37A3,1
2BCE6A3FE98B,1
9B001CF19BE4,0
0C5E5BC1CABC,0
66DF90A4AF57,0
DD12DB9E2205,1
E45BD35A8C88,1
A3361F5E203B,2
8F4292EF341A,0
286783F5CB19,0
B22DB530A712,0
90EF0A7E7584,0
887E05C9DFD8,0
5B059E2C5A9A,2
BDC8BBDBDB0A,2
0AD647F9B086,0
B64284514E16,1
4746A6904914,2
3012043875A1,1
A48F597F0426,0
AAA58DF309D4,0
A82B9A6297D4,0
F9AB5E77A6D6,0
30DFC292044C,2
F17B64B91776,1
E08BC0AE0031,2
1A132C8D4292,1
200AD76429EB,2
D254A7B9BB78,0
35D50C6FE2F1,1
A048074DD01B,1
D2B7655F1255,0
2A2FE42A4F2F,1
60F5FFE892B5,0
20B8A974A0C2,0
50881742190D,2
A18BA32F6F82,2
CF6BDB9CCC59,1
2F5FDE136559,1
04B8ADB6EE3B,0
38FE53857ECE,0
44C59ED10A6B,2
E40D64F4FF18,0
FFC953D875D8,1
1E6269C6F5F4,0
CF008A53361F,1
0EA5CF6A33AB,2
80232187BDF8,1
BC71EE6131BC,1
3E60C62CC07A,1
62BAD369320A,1
77EEBB08CE78,0
607F0713C599,1
5E6C9A009C52,1
D3D703BAFD86,2
BD23AC7F9F02,0
D95D56DE5018,1
488F0166D85D,2
1A0DD0A5C360,0
1727FD885A84,2
1AB72288B3D6,2
2CE4DFABA0F6,2
4FC394ECECEB,0
5437E4D4DD47,0
31773BADB175,2
79F40ED72C49,1
C64F5DDCCC8D,0
B011CAC58F0C,0
EFD2548B7157,2
509FF985F802,2
3EE714BC2458,0
F53AD8F3E86A,0
C3B99B84C4BE,1
CED1D944444D,2
EBAAB9621F27,0
DB09C80C4D7D,2
73D00D785FAE,1
603A93EE0919,0
7CA83010A76B,1
6952DE4C6B06,2
F0A915BB7527,2
1BF370408A70,2
F2B1CCB356D1,1
B28FDA103190,2
DC58D0757008,2
49E238614794,0
1ECD3BC04F40,0
2738E16C7BDB,0
C3BF93DD4F8D,1
06992310E9F8,1
11D0531BDDE7,0
2A42301863F1,0
D54D3FAFB5EF,0
2111150102BA,2
582C5535984E,2
A627D25E106A,0
5782DA33DFB6,0
825CFEB20588,0
7FE9D06DF4A5,1
05A724F50691,1
3B25F935DEB3,2
78EEB2036CDD,2
98165A56A9D4,0
EDC9CD2E322F,1
7DF51650334F,0
B58D26FD4BEA,0
D6748C93DBE4,0
E7040E0E1AB6,0
350AF214699D,1
8436CA458853,1
B11A97F82773,1
856A1461EFA2,1
2482375B3DCD,2
387D6E91A4B9,2
88E83B6128D1,1
9D1B9F220D54,1
3B8F30D011C2,1
0058EDDC80AD,0
6CDCC0C88BAB,0
F894435F18CF,1
B066E422195B,2
8CB07F651285,1
51372784CA5F,1
6AF694CA2A0E,1
F32EA94478AC,0
8AD608131FFC,0
BAA73EF5F235,1
263AB21AEC1F,0
D198CDEAAB80,0
CA75B3CBD2D4,0
81DA6E1FFFDF,0
A6A5588CCE07,1
990CB27CFFF2,1
B0E91279F1F7,2
86E711ABE046,0
E16E9816D408,2
0E582A6644C8,2
4A49C727AF55,1
5FB25418FD2C,2
F75F2BC51AC5,2
D817CA4BDEE4,0
F104317D0C87,1
CEAE668C606E,1
CCA8EC8D9DD7,0
89290533AEB9,1
20ECBE2A8FA9,1
D4AF2B5775EA,1
D1E29959A9F6,0
E092BFC5280E,2
9D6719BC3D4D,2
23C9E2F96BE5,1
0278BCDD9982,1
EB116ABFB1CB,0
1DB1A07B5523,2
BF83D30FADC0,0
8AA6D3B44E3C,0
5F5A352C1561,1
0501EB995802,0
462488F7D857,2
912211FE5C99,1
BF974BD41EF4,2
2A2442DBA215,0
851791ED8483,0
E688C91CBB2E,1
556C28312E3A,1
D5A33B471CBD,2
9D949D1DC6D0,1
18811FE61F6A,2
54096D4271FC,2
2032067EBE33,2
DAF808EE7522,1
685998596B54,0
4B01D67FA9F4,1
3557735BDA12,0
5E14C89D93D9,0
C68ADD977E7D,2
313079C26627,2
D403992DB06D,0
4A1C2D67ED49,0
610E5DE67CEF,0
CB9DE23E2C13,1
E8C7FAFA2F7E,1
0FEE657E82C9,2
497C70E18000,0
D52D9B16D0D6,2
E34C0A217DA6,0
AF9B1264EDD9,0
19CAEBA5331B,1
9BADA2F8F115,1
6F21AEE763D9,2
6A0D16E81893,1
86C0A03F5096,0
0581C5EDB2FD,0
C5E2CAFA7666,2
F24EB1A03C4F,2
07AD867F3913,2
0CFC1BC31C63,2
C165E50FB2CE,1
FC6F0C3ED4E1,2
C68A5A1C18B2,0
4B8AB4EEC021,2
FD4D26D5FE61,0
A1B78D3AFEA1,2
0EB27D3B7176,2
731A1B13BCBB,1
F11B7CFF051B,1
FAA7F5B131F5,2
FBA9413BBF2F,0
8CCC4585F1AE,1
C306E5057336,1
D6EAAFF30658,1
63B4116C30DA,2
A91AD48FA615,2
7CA38D850660,1
C1FDCB37BC95,0
047ED1005626,1
6666C928FA83,1
9B1BB6D92708,1
129CF5D4130F,0
E1D157297731,2
D4AD0DA1600B,0
265816DB2B1B,1
F6F2250F3EB6,1
BA8BD776013A,0
D022F7041788,2
CA7B310DEB63,2
21883DAFB15A,1
9C58A3CE58A5,0
DEDF585482A5,2
B5953EB5F533,1
C1DD588FDB5D,2
11CEBE6AA74A,1
95D997FADF40,0
EC2A6D01A9C1,2
200790337A60,1
19A194BF88F4,2
353054B101FE,0
5EABB4D5D994,0
FCF62E31666F,0
658C15B86E61,2
195E47CB288E,2
E6FA084F959D,1
E6D416409293,0
BC1E7791BDA8,1
61C2113E5526,2
5935432E6EA9,2
783A0B9CD5E1,2
0CA5B87065F6,2
84B421F8F9B3,0
D74587E70AA1,1
FA59986BC159,0
AF91BAE4871E,0
7EB7802280CE,2
B78DF2474422,1
A6E7473E1598,2
40AAC4117053,2
6BC018A3E540,2
8C2142318AAD,2
D808651B1B40,0
1795C987BB0E,2
5761856AF634,0
EC3571929268,1
202163CB6D6B,2
796E63FD7EF8,0
AC6D6DBE7A03,0
0BA5A67F37AA,1
49D7769EB9CC,1
C7779395D62D,2
AEACFDD6200F,2
B76F655677C7,1
382F68FDA497,0
E3DF1CC3B328,1
50C5D5E590A4,0
5487D7F403F8,0
E3B3888B808C,2
1CF100071509,2
C2D5C0F9D25C,1
891F386F9311,2
DD15FC515A9C,2
5D547003C38C,0
F107343E9360,2
13640BD6348F,2
04F4334C99DF,2
082A557BFD6E,1
927AFF462EC4,0
46F378FF9D40,0
47AAD4B2C7AB,2
83A7BAF615A5,0
5A9E0E3D0884,0
0F14BEF1CF2E,1
AFB6D2D73DC1,2
11FFF7FB386C,1
0F7585850593,0
3B4860A6F0BF,1
3B67A405CE92,2
BC7A2D96D76B,1
059EDDF57ACD,2
E002DF76482A,2
2DC59FCB4870,0
22918C0D6107,2
F974601910E9,0
B21EF517E047,0
4B0FAB303B8E,1
3030082773F3,0
A9E03CAECD72,0
34CD108ED9DC,1
733CDE958F8A,0
90D3CB9C35D0,0
7F4B1BF558ED,0
62311256C49B,2
04ED87226EF6,0
01460B20DD00,1
94C258AC3A74,1
B0FA71AA0C73,0
915C245C056D,2
A96CAFF8ECEE,0
4881BB803DA8,0
DA81D2882899,0
EEB721D93A19,0
B1C960157CFE,2
F4D3BB8A0837,2
34D230371908,2
B606BAAE18CE,2
9689A47D4682,0
AAE45A668884,1
8374C20C1F7F,1
D3BEEA063387,0
E9DA49A07A92,0
286CDB7070F0,2
729B817FE9F4,1
28833532375C,2
93F662941166,2
77459ABFC325,1
16CCC8E04687,0
84AF2409BD0A,0
647B5335E229,2
786FA3A33C22,2
A602EA1A9943,1
8AE87F98D4F4,0
D70A2DEE03C1,0
D2D94C68A4C4,0
50FAE5755900,1
6934C54426C3,2
356D402153F8,2
4B6D618ADD81,0
18EA9DF04584,1
D00B930D2625,0
5F572A9822A4,2
6918E765D68A,2
D8847B6512BD,0
914CE882A107,0
C03ABAF847EA,0
99A26B8C0314,0
CE9BD10449A1,2
C52610E47175,2
A6AA0C08376E,1
E169F56B43DF,0
E73A4E175ACF,1
7F7AC3C14CF4,2
D1D837DDA1BC,0
2CAF53DD4F33,2
9853902B2549,0
7ED7D2A9802B,2
590759FCBFF5,2
1F21710CD0AC,0
19155298D1A4,0
CEB8AD3BF833,0
C8CB982C6D6D,1
70D5D71FA9F7,2
1A1A4327E7AD,1
51E0383BF144,0
20196F547082,1
BE614783C0E1,2
9F0D107AAB55,1
CB2690E89E8D,2
D1286D530CE7,2
1CC038FAB70B,2
C7DD32FE4316,1
155F5AA173EF,2
ADB0383D37D9,0
D4C818C67064,2
6E32D1300A25,0
EDF0DA6E7CF3,1
7242B8E26B47,0
7C0C0B5C72D3,2
61672F979E41,2
4788229FE257,0
62530A5A2639,2
6AE22E186850,0
2AEF2453AE91,0
140FB0204A76,1
A9FA1FAA3D63,0
4FB8458CE4DF,2
9D48B0AC6F77,0
87395488A241,0
42AE09460FA7,1
6F388B1B57A3,2
33E323283436,1
BD0CF5841246,2
A95339C4F877,1
67C6BD49EA5A,1
F8E4D180903B,2
79B9A5F7DD66,1
3337CE38AA17,1
E4B72F4032BD,1
81841653FA71,0
F70F7F96ACA4,1
034A6E04076D,0
BDB0BFD44489,0
1A3AB87D6A10,0
9B38D0FA8478,2
8A9F04FA55FA,1
3987904760C8,1
E2B1976E0582,1
18033FEE0D55,0
AA36392EC15B,2
96B222CF2174,1
8ACA76AD5D4C,2
AD40A217D504,0
A233276CA6D3,2
50607FE356A9,2
C7EF41A34067,0
F1F74A3B7E59,0
87E95065FE61,1
9B5CE384C3C1,0
6E5F0089049D,1
8930A6F4C6CA,0
CEF319BFA191,0
97CE07A0C641,0
AA187B464298,2
EA81F8F0D547,1
23372349A1CC,2
EB608E982568,0
4355301C4D1A,1
0CABA582AA1D,1
C33E92EAE09D,0
A3D8DC9D62AF,1
19E99CE8D53E,2
0B0F4B422342,0
6608D7F01CF7,0
0B070CE5FDFE,1
A78C23C27D7A,2
8BAB093BA234,1
888F25E01068,0
1F6DC427A10A,2
8804E805606E,0
83C7FFD2E2A1,1
2EECA0DB4F22,1
DD5A992B1474,0
8124E5FAA584,1
A68A6938C074,0
1D0E672493CF,1
C1391AFFAC94,1
980A8062A469,1
A2163FB942B8,2
7EC508034862,2
857FB3B23FA0,0
5E59497A1A01,1
57D4FA4B212D,0
32B49CA21B66,0
ADF27A396CD9,1
6714840F8EAA,2
3214E333E0DD,1
4E2DBE5BE13D,0
5CA5242880B5,0
570BE6AE35A6,0
E9B2FAC847CA,1
D4FC8EC57B40,0
8BAEA44210E6,2
78916AD29853,1
8717CB74B0E4,1
08F19BDC9013,0
7B764AB9A759,1
A2EC54B61286,2
17CEEDB70F9B,0
E92481C6D22C,2
C914368A250E,2
DA124A229EB2,2
17B3F70CD4D8,2
698C5A2AAFE9,0
80B86EE4FE34,0
620EFF56B3F8,1
23FF4AB21C8E,0
713EA40836E3,2
91C0081864F0,2
1BC942321539,1
A36381AF30FF,1
5DBE67938273,2
DBDD649E8C41,2
43CD6AA7DC0B,0
8B622E8FF348,0
2D6D22E5359F,2
ECF067C73F99,1
72D7D92A102B,2
A9B76B2A9DD2,2
8E6467E523B3,2
D62E96D3A9A0,2
C76C855DC476,2
1952450659F6,0
7A95C0744A61,1
E6C961950F6A,1
215807065A50,2
D0F38962CEF2,2
D1905D47D37C,2
79A8B15A9D91,2
8BB3E0F32D00,2
FDA101B2E295,0
4855691F7524,1
A6BB12FC9CDC,1
868895EEEAA7,1
169593CA8FC6,0
CF045C3B36F7,2
D102B4892EC3,0
FFB2076DA765,0
CE78B4A5AA37,2
8CCEFABD3117,0
28B76A585B88,0
E9BE4C28966D,0
095A01DDAD17,1
BA05E946F050,0
B706DF7665A2,2
58BDE52F2686,1
AC57F5BDDCCF,1
9A87ED2C30C4,2
E56F062420AE,2
84C2B35E325E,0
33795EF8CE59,1
4B448465EC65,2
48376858FB2B,0
2DE679254968,0
75E1F1A12B02,2
E93D0B7549A5,2
86EFE42D75BD,0
584496D13A16,1
485ED719FCA9,1
672751EA6992,2
8FDA2C97D89C,1
C9D60C847F57,0
0FC3D0ED190E,0
961801E3A3C7,0
33A62625A932,0
64F24FA6E3FB,0
5642AA0DBC4A,1
C02EDDAA0456,0
384A3EF0D2B6,1
992E9FDEF3C2,1
C46F1B0DB349,0
AA581F657D0A,2
0E2CEC71C6A7,0
69F5F9F0BBD0,1
8B6B4A57AAAE,0
5E4AE24436C6,2
2EBED3C85A74,2
FD0ABB2B7285,0
55779A4D1C60,1
E84407705564,2
388F021EA4B3,1
5C0343002FE6,0
25BC3097559F,0
55AB3410AA0E,0
C0B54FF09AF5,1
700EEAFA8452,0
E4FC13C37ABC,2
B7911C191887,0
BC908935C3D2,0
E6079CAE76BC,0
19204AAF5AD2,1
91CD0C1E4C9E,2
446E0C7D21F5,2
DACCF1A12A4C,1
D4B1E4D3C3B2,2
22D15DA6AF0A,0
93CE695BE1EC,2
214C692443E6,1
B1446762126D,2
85D9A4A42ED2,2
36594C5E3E18,1
217E959B993D,2
1BC6329ADCE1,0
93A12B493DA7,1
C6D8DC35C5A9,0
ABF4F5BDA76B,0
15C8B086D231,2
519381E01A6D,2
F9A99862AC63,2
AF1A0764E8FA,1
7DD1456DDEC3,0
19930E7AC2DF,0
2CF337A67ABA,1
A1A2D0CDB5E5,0
462BBD4B74F0,0
BE083A02826A,0
65998C14CA88,2
8E29097A3D27,0
A6BEE9BB6B20,2
74944FD33F9B,0
A1547B4CCEBE,1
EBA257A64248,1
203696F25296,1
BC618E76C72F,0
470C462EEBFD,2
5511B9287115,1
9231717FB8D1,2
89424B9D2291,2
5487D67B69E8,2
17BCD6963884,2
17F3D384E028,1
4F9628C19AC5,2
9551CC93D6EA,0
798DDD9B7B1E,1
AABDBD7490F6,0
305B86C1A6E0,0
6D3FA205DBE7,0
9E56E85EFCD2,0
4C4F960981A4,0
B1477D327153,1
7E0B17109088,0
61D975F4A4F2,1
12A1076766B5,0
5CB7F36C6C5A,1
A1BA370F7ABB,1
1B4A4C5FA838,0
3928877F96BF,2
AB0D277B34AA,0
AD950E9DA14C,1
8601E9814514,2
4823C5D1A796,0
49AD286E3800,0
922B4AB4FA66,1
554F9DA85F00,0
58D41F443708,0
7F6209E8D366,1
DDDFAB52296F,2
8DAE4DBE4F33,1
49A2834D484E,0
ACF6D6C7FD28,0
A4058505D657,0
13CD69DBE1D9,1
A4B0E9CFE615,1
C4A12E2B72E4,2
FCD7F2EC0CF1,1
4A1AC0A29E40,2
714A42A94367,2
4AE3FCFF6472,2
856ECAA7B153,0
586A7FB07FE0,0
8BED6FC82F56,1
86C970308202,2
A1AC6AC30405,0
95303477F37D,2
98C4784F85DB,0
7CCEF82EE024,2
37FF9D442119,2
21545CD13BBB,0
27631340032B,0
F4F578FA1214,2
6F99F72A1095,2
0E3507EEE95F,0
868B9763A46F,1
F1DCBADBC07C,0
CA62A8895F9F,2
A47873794EF9,1
E1ED2E81CD08,1
A352A1BD2FA4,0
E0FDBA03237E,2
616814CACF37,0
05AFE46CC470,2
A3C7E93B44FB,0
175A4F89791A,2
3EFBEB683406,0
3735443F03E6,0
232A454F8EFF,0
82DC03F54225,2
6F074F8A5416,1
916AE0FEF5FE,1
87BE84D2F01F,0
12E154DD03F4,1
0679F70D8886,2
5AD374AF0A35,2
5F5522A79DD6,2
8A40147DFF3A,1
0E38D1962967,0
3D8CF15D56A9,2
5B5DDD62616A,2
C44F581A4350,2
10B3AED832B8,2
98FD8D67844E,0
0B85CBFC65DD,2
09431C0E6DE5,0
653AC634B1E7,0
3A00BA357EE8,0
17E107E77322,1
07B883F3C411,0
B2E26798F45F,0
9072651FDC7A,0
1EFF9D0034D0,0
A121533BA8CD,2
D383BA600259,2
395C5BBEA394,0
34F4DD7C2D26,1
1504ABD302CC,1
D85314F5EC11,2
FBD9479AF858,2
6D31683E6D6E,1
F0C0394FAFEB,2
484524964AA2,0
630245564D85,1
723AEE7E297F,1
5562332301AC,0
52150225E880,1
355F664BC7A6,2
D0F8CB270287,2
AFE87CEB7CCD,0
F9FF6AD72CFC,0
A53639D5B8DF,1
847AEA11825A,0
7B5EF3D5C704,2
615400D9BADA,2
C089F1A3CA7E,1
6B4E4C76337B,2
D58D2878D512,2
585DE3CEDF45,0
BCD8972B2869,1
8C6917AB4751,2
54099F920977,0
33E233A24A0F,2
B7A2735A1999,0
366CB45C4009,0
A16A8272E2EF,0
61CCDFE40CBD,0
8B117997B679,1
386CB79B510C,2
54BE1BD36166,2
078CEFF00459,1
631520CB1766,1
5C3DB6A97610,0
417E6B7C90D6,0
6CBA1CEE9740,1
ECBFCC9100ED,1
BE9C07EBDB70,2
0E31A754ABE4,1
E41975AD791F,0
4EEB243AF4EE,2
0C5E0C3718F8,2
33495039BE30,0
EABBA1690DAA,0
A1C9BC6AEAFC,1
7FAB054F35A2,0
5543E7F691D4,0
64A59FE30FC1,1
47790B1970B0,2
F2D3AF5CA7FA,0
9A0F661CC2F3,0
B0430FDDDF31,1
79E2FF615BA8,1
4195E7BD8D0C,2
E0AEE6F62E25,2
96750EAA1C97,1
5D38F81AFCE9,0
0C1419F6D828,2
9A42DC5BAD85,0
1520F3EB02F9,1
1830422F8B9B,1
998C20176B63,2
C3E55BC08C2E,2
79515B442A74,2
1C5E8E0C5720,0
0D0A12997496,2
7C38FD56794C,1
CF01C6C3E695,0
C3A2A436EB8F,0
7750DD886631,2
099ED62E093D,0
C0E02CCB48FC,0
70C4178EFD89,1
6366EA673EED,2
A8FA8C8A7FE8,0
A87ACBBD1040,1
DC61D544114B,1
EDAC5521FEAE,1
37E4B793D6F8,2
032F59C8A6C3,0
6EE40DC5ADBB,0
6AAE74FAC1EE,0
C4F9DB953CB1,0
29993C17E596,2
F61C4BBF27E1,0
1261031220C0,0
37D6EC116A21,0
505C76C81F2F,2
947AEF947B6E,1
EF688DAD52BE,2
940FC4E23D9B,0
695ADF0A0EF2,1
BBD5B1114B69,2
56E73A7C7BB1,2
552789940006,2
033E8663C70A,0
D25CC77E7E9E,2
5297192164D4,0
EA5BA49F97D3,2
7F636D3A1015,2
0025CA3029B8,2
4B5C9172B93C,2
E448B4929BF4,2
36EB52F0111B,1
DABC6A8F5004,0
4893FC72EF1B,0
5D8BB2B98AFA,2
FE3BFFBC9CCE,0
38E879654F18,0
4EB8CCCCF0B6,1
6D8038CAA272,1
0BB570A15483,2
3DF975BC0B27,0
F5A00A5712BD,2
9CFDDC4E17B5,2
EC4DB707DFED,0
C0BF25DEF66A,1
798A66AC43D7,1
47D465702933,1
B3FA419F1E44,0
7972872545C5,2
8D8EC5F2A106,0
8CDC85582AE8,2
64CC1ACE9B52,2
2C93F55C3502,2
6DCDC9FF8583,0
F69F55219A9C,0
E000B7AFE476,1
FBD128C0D6FD,0
33AB826DC37E,2
5311D036DFAF,2
0498C2C93F46,0
1DF0B269172C,2
D0C076B6E910,0
FA03C46873C1,2
8DCEF9D3DD80,1
9B5D96AD503B,0
6221179D7AD0,0
1806F28C6E2A,2
0D847195D994,2
DB8FCA975BFA,1
A25BA6C7C20C,0
F353348D788C,0
015F0DC513F5,1
EA50A5CF0982,0
67AEEA6E0055,0
74A606267C57,2
0C363125FE27,2
04409161A09E,2
B2591DED7E82,2
D68ED5B8903A,1
DBE58C063290,1
EFCA82E6F329,1
8DEA5B9B89E0,2
17B10505A32F,1
E9847DB299BB,2
B3A1858B3A5E,0
BD9F39703E0B,2
B6008EE8E4D6,0
93FCB355939C,1
CD23C2F8EE5A,2
28CF462DA6C5,2
0F0CD9C03A73,1
BC9E6DAA9AF8,2
DAD0E1420B5E,1
1CD9EE55F4F7,0
02C059A6FB95,1
19214B035D2B,0
00895B8A6CA7,0
BD49FC444102,0
A2DD4F1A6658,0
CEA779E8D338,1
A0E76BBE4F4A,1
4B7D95440DC6,2
B930C2BCD822,1
1DB11C2EE9CB,0
05A39FB8FE92,0
259814E73D1A,1
D9D790567399,2
BC1285609154,1
740207B963DC,2
A145AD8BD8CF,1
80B0F0B82152,0
7E2AB51ADEBB,2
A37B9E57F6C9,1
EBD8BC39D60A,0
75CFB90B3AFD,0
72F1AB8319A8,0
7F470119E05B,2
E85F5FA4478E,0
D1B682361394,2
F728BDC17900,1
C6F77DD30742,0
0DE5BB72D62C,1
F1BC4B0263EA,2
080248C60C63,1
AACA15F1A036,0
B90EF7D7BB9B,0
5A549D9FA7B4,1
7E1124ABF81E,1
3E3497BBC376,0
9E6CD1B2D108,2
3D5A27EF3C89,0
F658E770F11B,0
E3B0649ABA7E,2
542C3382F1C3,2
C41B296FF053,2
9A8F3BDA7989,1
48A52FAA6D86,2
5485B5A9EE7D,0
93DBC244D69B,2
46C61614F8B0,2
C07EC773297B,1
3EC08520F813,1
FB7F52CF35A0,0
F91BDD39C1BF,2
B2EA671ABEEC,0
B41B63E4A909,2
B852CC9738FF,2
99C039F7D689,0
F9AE88A070F2,0
DD8F635A2E93,0
5449A4D483B2,2
4179793A8294,1
C11D86AABC5B,2
255348043685,0
8F24613B0AAE,0
CC077DB86940,0
3D84A4BB3D1D,0
DC13DAD338A4,0
A65A944E182B,2
6EA12C123DF3,1
B2504F49183F,0
0B4AC3D07CCE,0
7BD6C276D114,2
33DC9290CF97,0
506E6AADD7D3,1
F8C92424527C,0
9801CC97F455,0
4E07B5405B05,1
AFE68EBCA8D8,0
0788DDB73EB2,0
FC51541DA6EA,0
02E8DE3046CE,1
CA67252EC941,0
1B3A64F747E4,2
85F09EF63EEC,2
02BFEA526432,0
9FEC73C5C33E,0
1203DA0488A7,1
474E841E29AA,1
0A7201EAB976,1
8B3F11C363C6,1
A6865FB4D3B7,1
6FD8DCA976DF,1
444B08C7D27A,1
CB5154E8CEFB,2
7F3246B65942,0
F2530A568459,0
C36104EA6D48,1
76ACB0864D5F,2
27F7C59CF4F1,1
73FE77437AF9,0
6CA7443C0C8C,0
13149CAAF4FB,1
5B5A9F6CF192,2
ADC29CD3C063,2
C8F685DBD370,1
319BE32631DD,2
89CD16312972,1
E4027F1A1C97,2
63FB5B629065,0
5D8AFDDE68F6,1
B7E498E34E62,0
E545427A1DBD,1
A69E65C55EE4,2
0DC306A4433C,0
8F871CA891C4,0
9AACE05555A0,1
29BC452A22BA,1
0E803A490ABE,2
729398716C85,1
F78827DB34E9,2
8B8BCCC6FF3A,0
C76C73168F81,1
2B1A1CAFC475,1
0B4519A0AF2A,1
4D5FCFBDC927,2
2B344836B481,0
9C05B1EBC3F6,2
D7EF31F2DFEA,0
E533F4F3BD4C,2
4E78F1273264,0
27232287EF2A,2
CEC4D2D260B2,0
CE82AA0CD9C4,1
2C006841000C,0
73D78EB40461,2
9DF041770B63,2
6E2C921D8CC4,0
83AE5BB689BE,0
92BE08694AB9,0
4E8C920102BB,1
9F9D38BE6B65,1
68734A9C22EB,2
0DFA7A1370AA,2
9CD452B929B4,2
479E8D21662E,0
6D8EC5377164,2
3FCDD983C5E6,0
6FBEEE81F413,0
4B1610DBFEF4,1
1AF3EAC78F11,0
3DFC7208668C,1
F654592B2C5C,2
25E5F98036E2,1
E7E2502D5430,1
90DFA3ADD614,1
29EC9FDDA1FB,0
F99323B68798,2
E79C044F6985,1
38E2BAE175C8,1
6001B838171D,2
60222D90E2A5,0
5945270CE11C,0
174B046CA291,1
4DABA53F3C31,1
34B8B4D01645,2
B640FC86ACE6,1
435AB13FD179,2
187B14D22280,1
95172DF3AD6C,0
A24229CEE7F5,1
7F8290EC2AE5,2
0068980A6EE5,1
B86A1578BA4E,0
DB41885AC709,2
1413CA411B98,0
B043159DC8C4,2
E2BE0782D647,2
4C1677AC2C66,1
4DEB24693902,0
A63F0C264D19,0
ACFC6459AFBB,1
A738F9B03616,1
9A8611AE40B3,1
C264376E7445,0
68A6B422FEFC,0
76052A9F8DA1,0
EA9F066FDEB0,0
B855EFE7B443,2
9959ABFBEE0D,0
BA540FEDE411,2
E8C2B1C5BD27,1
73A88FD07944,2
A2AA7B497042,0
95F6224E484B,1
ACD733831027,2
75D24A56392B,0
9AC32E483762,0
21F07C8ECA6B,2
EBAC33A2671A,0
44B8BD5B3F3D,0
D186A0A5F413,0
40209675A5CD,1
A5DBA112B50E,1
261766625E3B,2
D3D51CEA3B67,2
B9A998A5963B,2
4C01A5872EC5,0
7B01471EAEAA,1
A1433FBB4FCF,1
6994DBB8C0DA,1
3C5BA11F10FB,1
1A7B374B1DBC,2
035B7254F0B4,0
F6B0A5D80310,2
E357E18AB5A9,2
8B0A8AFB578C,1
B76B4F2202E5,2
04967C597A55,0
F5FB52AD75B4,0
E3D2F503890B,2
E089A8151DB2,1
80DC3B7E29D8,1
38B3DD804185,2
9D4B9D01F011,1
BC65CC2A3E3E,1
FB632F092B27,2
D8A6C3F46808,0
CAF32F132833,1
8CB27BACB99F,2
A8ACA3C9F9CF,1
1D04BE5D4509,0
C5687597446A,2
DA6D417FD1CA,2
6BC690402954,0
314C48FC4A54,0
64E233DB9F02,2
05FFBD3BF71A,0
E71DC553F8B8,1
5A62A4575A79,2
472D7676AF73,0
CF2DF34B0816,0
CDF762A2C50E,2
322F525DCAC5,2
B66A847B48B7,0
D67F4422DA2C,2
33A26DF12D55,2
2230FDE7D13B,0
D97A98237FC0,1
3E107E770FA2,2
4FEAA97F0835,0
BFC6152777A0,2
B027F3928908,2
DA0755EF3C7B,1
F8134DFB9313,2
83E876673714,0
EA9ACC023DD0,1
F15B5BCC0647,0
B5DD6F0AA009,2
16EE4A6079BB,0
AB493291820E,0
E132D2C93ED0,0
E417B834872E,0
4B3D6704E395,0
9DB6FA8F03F2,1
59556240910D,0
8856B610CB30,0
304CD472D274,1
8FDFB81FB21D,1
F8F20C778716,1
36FF3FA57F4A,0
B0B50DE5B82E,0
3C429935D72F,0
E5FC50C86AA6,1
2B1EB10CD1C8,0
94907524104A,2
2D13CE68BE2F,0
8C3882A5933A,0
CECA38867747,1
FAFD5701D5C5,2
AEAB15A6FBF6,1
D12D86E0077F,1
3205AE5995D5,1
74F9B1D10F4E,1
5B272C3207B0,1
84560BE2C1DF,1
EEFFDD1E2725,2
FC34025D30B2,2
978AD833DED2,0
37BFC22A6156,2
6CFD2DE5351F,0
9118A0E182DF,2
EDED2395719A,2
ABBBBE1366E1,2
8DA2C74A928E,2
288B6C897B28,2
94F314CCC7DD,0
5A7C83300536,0
0AA5D4AE9DB9,2
B2563D2B3239,2
69AFE02D0EA1,0
B1D4803B341B,1
E3279EAE2584,0
E4DD6AF83451,1
4C154BD3212F,2
F844DF52D0E6,1
8B4641D5F849,2
0D9D588FD7AD,0
936460E9B3C9,0
14219E1E1CE2,1
AF2B91CAABA9,2
1FC04216C264,1
9B5F76CFDAAA,2
4FAEC073C4C6,0
ACC0B09BF787,2
2187DEA15DA8,0
238D916C0EDA,2
7D238C23BF45,2
E1F3DBD34E62,0
C971BA000CE4,1
71C41493203D,0
06CDCC259950,0
65F13845C8CD,2
61C03E1E88BD,0
CF91502BFB5D,2
71C563D85DFF,2
DF9503E6D479,2
97363198EF72,2
30082A3506E3,1
250A72C74C3E,2
E3E09F014E99,0
77E3E3E98D11,0
BD14F25C15D0,1
D5C2B998F992,1
8F5B0D5DD352,0
CB6DC9DABF23,1
857BE084EFFC,2
752A21D4C558,0
07F0BC9D914C,1
70E5669E071E,0
7C8E17E8B23A,2
184928067B32,0
E56956ED9CCA,0
4BC61A889E7B,0
98922070E737,2
7F6C782CEB43,1
0D8659C9BCAD,0
08A2395DE172,2
71936FA4A9FE,2
98D78A03F43C,0
18A8A8984C9D,0
E047384058E2,0
5B9A7C0B6832,1
0C983B66E52F,0
3921BA288CFF,1
1FFF7DCC2783,1
EF505B7A9061,1
1E17C88D194D,2
926C96D59201,0
BB341EB64885,1
32273F21AD0D,2
3452DC2E1D7C,2
651F99877BA2,2
A18FC13CEE68,2
0F9995E2ADF2,1
7E69230DE277,1
F1879C22B05C,1
2A12AB6D3D9A,2
6539BAA8F15C,1
523EE9AFE730,1
7CB0E424DBFA,0
A21CB8D7D811,2
522A61AF37B3,2
1B3978D55FF2,0
C1B4E7C7E7CE,2
B626336A53B9,0
91C6E3BDCD1D,1
D2230440B7CB,2
060D95C782BC,2
BB4A7B4C2455,2
65D309C487C0,0
B1DFC2F38D7D,2
3F1C8AEC35F3,1
50ECF8FB2562,2
1F18C7FF5118,2
30350BFA9B63,1
627D7964CEF1,0
710BD6D7570F,2
84893A35EBC7,0
5C3E28C680A0,2
B38FC0622299,0
1335CB026526,2
DB48F9B0214A,2
9BB3181F4FE0,0
570E50AEC5DF,0
DF0BB138750A,0
932CAA1DCBFA,1
F6D8B61720C6,0
CF879D77A475,1
21300B366C4F,2
0531DDA6F18C,2
717E3376D3B3,0
73CB755F48B1,2
E3A050E230FF,2
C3AB72AD9D20,2
734F9D65C9DC,2
12731926F1BE,2
6693F543B81C,1
B204DE30CD09,0
F698A4F4F701,0
5EDD4B490636,0
B2CB841988C9,2
EF3B10990CD2,2
66B35E0D076F,1
952C9FD02C6C,0
E9B581FDBB88,2
879D12C052BE,2
903660C60873,0
8DD25CECCBAB,0
CD992A7C4F60,0
6BA14407FFC8,1
3D15FCE2281E,0
974C1D54614A,1
A5D29BC35F34,1
7D58FC88F1B1,0
09D86AD04890,0
3030BCB66FBA,2
CCA31DBA736B,0
80BC16B97CA8,1
8457DA78CEA8,2
FF7889879205,0
A718DC2EC60E,2
62E1924389D1,0
757F0D3A722E,2
52B7BCD03D2D,1
65C363DBAEF3,1
28FBA3176A26,0
B803BB8ECD5E,1
01EA7ABCB7F0,2
ACB5901AE810,1
3928C9466AA9,2
E2EC136D020C,1
70594F830586,1
B2CDCC4BD358,2
963C0556AAEC,1
B7C3D7DA7E51,1
88AD4861CDE6,2
F175A6CE64B7,1
BC942C76C8A2,2
1895DBBACE39,2
4B2548A3DBA5,2
087234510A08,1
A20DE58A20FE,0
B98E19D9CCC0,1
4EA8884BAB58,1
2F2B366AFDA0,1
C60A6E205601,0
02FC48EA5C86,1
A13056067D09,0
661DEF47CF37,1
478A3224BC79,1
13B808862715,2
AEC7371D0594,0
940E510D939A,1
BDC0B57A6376,2
08E16844C9B0,0
4B222C7A5AB7,0
F57062D87C4E,1
EC4B77BAA498,0
E5D5514AFD45,1
21BDD892F0B8,1
1B236E93E9CD,1
1AF95D5360C9,0
8A52A1039A93,1
2ABC0A8D9115,0
34AA70EE79FF,2
39A3402D0195,1
05765BE3ABDE,0
7EA31BE5FA81,1
97198F0182B1,2
E96BAD26FCB4,2
FBCD07E89A0C,1
C7281332C0B1,0
C1B734747519,0
71DA09950414,0
7D47A4B248AF,0
5624F789023F,0
013991B8FE8C,1
783F0E30A7D6,2
1D3D1A79204A,0
08CF5EE95664,0
991DA7AB853F,1
2AE7ABE37B86,1
99DDC2238235,2
C5D291029B80,2
158599845795,2
30C35573A47E,1
A4109616E92C,1
3C0252141A45,0
36619A0B8D51,2
4CEB3DF25011,2
A442F1FF6EA8,1
4DEA172077F3,2
47CD7AE20F49,0
8591ACED9FDF,2
178BD39210D5,1
E188AE8B69FD,1
78D5AB4AE639,2
266AC591B8D4,1
7580F47FEC91,1
43D39471E2EF,0
3B6D85A60132,0
43C2A0340990,1
24D67C9593DE,0
16B94698CD7E,1
0763506B3427,1
E30732EAA089,1
DAEC00CC70D8,0
5A9D1D59CB33,0
E88017B008FD,1
2CC733312AAD,0
7672CE710743,1
05DE68F5A7FD,2
BDC83AF890C2,1
5C801C0D91C5,1
CFA39DB4ACE3,2
0E2E4FCFAB07,2
4737B208376A,0
833D60C1315D,1
7B72B461D867,1
35FA82FB8FF2,1
0C0A724FF131,0
1A502D5FDB09,2
E6B9F888B153,1
8ACCA571CD26,2
EAC470EBAA39,2
308F6CB4FA4B,0
D15D8B585CF9,2
A97663C2CD74,1
7F5A1DBB73F5,0
5CE324E545C3,2
28A1AD4E815D,1
AA3F9A7B3087,0
C40945C2A13F,1
7B05FBA9FB84,0
762F2DDE0ED7,0
A079C9D86591,1
5CE044990F00,0
0F54D1CABCFD,0
98F777711780,2
22058A57051E,1
1D005AB67DDF,2
BE171FFAAA65,2
33EEF6E23CC7,1
339EB2077C5F,2
87896D31C67B,1
6E0157B7028A,2
703145654C9B,1
0EED5C6B08CA,2
FFF7DC6BF61A,1
6C56A6FABC31,1
490FCD1177AC,1
23C634F68B63,0
97E8EB7AF293,0
F1F572A4A394,1
8545D619E7B8,2
BE5B13694337,0
5086D7CD4976,1
845185706C98,1
A37B2E164B31,2
6DF0212941DE,1
C4795E11A66A,2
FD79ED7F87E3,0
DF17B12DE36D,0
8FA015A8E53E,0
ABCE4F5987C7,2
FE1667B5479F,1
8F9E0443C806,0
7C7974171AB6,1
35206341EEE9,2
C7C7278C6C22,1
8ED6601B1CD8,2
9EFBF3B7C6F5,0
995419BB2FAD,0
DE0C43FADD65,0
9A03EF466D9D,1
69F8938132DB,1
9C2FE087F23B,0
76C4CC04BED7,0
1FC87061B8DF,0
677923C61F9D,2
D8BDF3461C1E,1
148E34F7B971,2
9A4C7738DFA6,1
210AB9E875D6,2
6D116EB9CF03,2
026A807AC57A,1
8F0643A0C583,2
AA1C1C03C2F6,0
2F6D221576D7,0
51F1A304A8B2,1
81D2D271969A,0
A7C4ABC29263,1
79F0AB7C816F,1
C007250CED30,2
523D2B8B0B53,0
672B4FDAA30D,0
4508A703D8EB,2
0A2833AE8522,0
FE5784F1EFF5,1
416305B4523A,2
C65530DE5D9B,0
03436BCA18C7,0
E8B996F62F27,0
30CB49A732DF,1
53F4BF72F587,0
7ECB8055DAE6,1
F682D8F56281,1
C492897C1E06,1
CCFEA007A2D2,2
51C2DE4A402A,2
640CD6D89D26,2
A9493D98EEA2,2
4C6E5ABE6A39,2
9F646BDF1136,2
E9F4CEA11E7A,0
E367B9287E64,0
886F6AFDF9BD,0
2CE961CF6FF9,2
DE1F0A970EE6,1
3C13A067216A,1
50AF94315B1C,0
E902B23AD74C,2
273E4FF65073,0
F03CEC431426,1
0AA0832C2FEF,2
805E5CD02CAD,2
A43FA9658977,0
13BB622171B2,0
65EC89EA90BF,0
255C25C8AE2C,1
F09C9178DC7C,0
F4028C54B747,0
EEAECE8651F3,0
8D75C7A4025D,0
73E9B7A0EF94,0
E785E91B16BE,1
571A33F6A160,1
6F9AD1D1DA95,0
CFC2C3C2AB3B,0
C5CCA8C8E507,2
7F883FD4DAB4,2
23CDB297BB8B,2
F2508497F5C8,2
64403B21AA2A,0
BC2BDB93A849,1
3F88082D8583,2
336B0444BDCE,0
8C6BC14A9172,2
6D1AB01A023B,1
DB011422F5EA,0
D89C2E108800,0
A90253228BE5,2
A6DB8884531D,1
616C29FD6249,0
A5C767B33401,1
E8A8009946DD,2
0AE49E387946,2
F50966C1AF96,1
F245D39C1A0E,2
176B1065DC29,2
37B58B1509CC,2
45C7178EE4E4,2
7E6B2718242E,2
BE7E1B7827B3,0
079063BF0307,1
BC698A74017A,0
F697BA1EFA82,1
626AE3D04F81,0
8E3A5F979746,0
78595C3B0E77,1
5DBBED5082B6,0
85667ECEA591,1
FAEB910E9CA1,0
8674EF67BDB4,1
F40A66CF0FDF,1
9F2EE780ADCC,1
392D4A7B1ABB,2
3D782425A50A,0
0AC366FB33BE,0
BB3D54867D8A,1
2C54723BE890,2
4FA0D377FA29,2
272CE443ED9E,2
AFE783F8D44E,1
662C39D92D91,1
5132ABE3B020,2
7CF5FB105AD2,0
1C1C56507BF2,2
CAC8D261604C,1
4D8FB2653703,0
D09CBC5443EE,0
643C27209396,0
A55F107D8150,2
D87285883BB5,2
B388742F07AA,2
CF4FA592AD3D,2
E54874DAF347,1
7BD9E59B4704,1
FED9B42815E6,2
F18D44A0B04D,0
81E405D4BE26,0
8B2DE74E4077,2
EF231451435B,2
841631AD2719,0
052070F5BF49,0
0541A75483E5,1
1EEFB35ED1CA,2
F86E9674C66E,0
5DCD67DDF0DC,0
03B535307E0B,0
8E48F00CD3FF,2
0139FD217F2C,0
A83F7A185012,1
9EBEF551DCAF,2
12EC5D783538,0
E45E909AC928,0
ABD2A9952806,0
E68DB9B0A5D3,0
20BDB58F5BE2,2
F1585092269E,1
4E9EB54F9B03,0
4DA71FFAFEA7,1
B530B2382F4D,0
C3AF0C0E7379,1
69BA38C77394,0
07470C829D37,1
8C38C54B273D,1
B34F801F7582,1
AF07A8592F9F,1
7701009DF210,2
878CFCFDF34D,0
04B7E22A15F1,0
786AC99F0E3C,2
9B4143104C10,2
BFA294E2F80B,1
AD0495136B8D,0
22E72947A35B,1
2AE33EEE066B,2
BAA722101881,2
4809C90C41C2,2
09D21CF67CF8,0
70DCD3EC7FFA,0
FA21853EFE17,1
947E4DB32DC9,1
F3755464D364,2
9314CDE4F126,1
959E9D0C8BD4,2
48E1ED533400,1
3B9E0142AAD0,2
D2D499455D19,2
9A929065E01A,0
5F2767FF3D93,0
DAC0C5931366,2
381DF160144A,2
005C74CA0164,2
0DBF2927489D,1
AF1B165B8DE9,2
771E6A2FDFBE,0
43A567488A95,0
B1C1F83871D4,0
C372529AF59C,0
9EC62251A9EB,0
42AB5619F58F,2
224F7CF006A5,2
F1434EAACDE2,2
EBE8BFCD1812,2
068FCED6C8E8,2
FD03BB0F30C8,0
D9B339EA2BCA,0
AFE4465C43B6,1
D66404A4432D,2
3CC9F28B6145,2
76D8B8D27230,1
DA0172A18901,0
EFDB6B703E86,0
E67DEE1217D3,0
969B00B35E30,0
F8559049879B,1
BED90713F3FA,0
BBA4DE99E47C,0
00B540805E4A,2
BBEA7CFE2B4D,2
5FD8AB60C3CB,0
C22676941B30,2
E27DDE15E05B,0
248FBD22688F,1
55691E367E38,1
90C5828757FB,2
AF47B1D3C185,1
DE94415ED100,1
BDDCD304BD6A,0
F882AFB857EE,2
C3F77CDB2D45,0
8B0011B0D0BA,0
B304EF1170C6,0
B7F4903AD68A,1
861DECD1320B,2
665DD3FE9A69,2
C8449E927534,2
3996DE6DBB99,0
002AEB80CBAC,0
DD6A9E4CE176,2
94ADED7639B9,2
B8EB325F885F,0
1E05F615EAA9,1
A2A96A5F1EFD,2
DA248EF0D0D3,0
CD5059169DDF,0
4FB0AB46F114,1
233AF91B235E,0
6CD50696352D,2
D3A6B16BA127,0
FAB5DA51DDE4,1
076576614BC1,2
7311BD9F47F1,1
2C78A6289386,0
F877D47E6BC0,2
94EB59AFA274,2
EB3B53F0C194,2
A589BD6EFE2B,1
47E621E9B6D0,1
9B6FC7034C0D,0
C8695648036F,1
6D28DC9497F0,0
07A24CAAEB2A,1
97488D0E8B2A,2
D47E517F8B23,0
D8A257A6D34A,2
71A7C5F53C27,0
DB5FDFCC63EE,2
CE0761893844,1
95E934FB1C5E,0
0DD930BADBC2,0
FA0ABE69C73E,2
30E5702BB849,1
4FAA21FAA3F2,0
229857C8D80A,0
73C2280643A5,2
8DA56AA9FD5A,0
3025C7970715,1
580495880099,1
2BC83E1D6144,0
5C68C5CB9F8E,0
01DE16732DDD,0
8C0CE76CF975,0
9D4A6161D64E,0
1C4715CD5D05,0
367A656BE667,2
33B25F89AB9D,0
91A75F5D1120,0
E6813C21DFA7,1
08BFAA4A0AFE,1
7ADAD4F28E6B,0
26C873BB51A6,1
13E829111884,1
776E0C81DD60,0
22EF82951DBA,1
ECC9B1AC7BA1,0
CB53EFB1280C,2
4675FEFEEE49,0
B625F990D471,2
F79E14A140AE,1
53513A5DBD31,0
67C75C3BDCF6,1
CFB078D7CE22,1
1A528BF224BC,1
81AB27A566B1,0
B3DD5F2DE170,2
5CB7B0DC2BDC,0
077833CD57CE,2
4C3F1C2EC46C,1
15AB08A49978,0
718B8E8EDBF8,1
7F2CFBBE41DC,1
9F0A39532A2E,2
B6A1D2582075,2
51E237DEE61C,1
B93F62E1ECEB,0
87ABFD85909E,1
27021A35812E,1
E75545B5E5D3,2
A8AE2CC20AC4,1
2BA3B9A00CC0,2
08021719305F,1
1CD3BA00F190,2
A88D173EB8DD,0
2B9CBBA421D1,1
A7135CD75493,0
C3417CF5D34B,0
8BC01147136B,1
34C626FD1624,0
C680715CC2FE,2
8F4EE45B2B2D,0
C5CE11B9EAC8,2
C5BDB755ACAD,0
10299C269B06,0
CA0B13D505C3,1
C897FE93A01F,2
6D022EAA7F87,0
EF04CA6B6801,1
B52D145BA54E,2
BBC5E8CDB5BC,1
3BE9DD6A7F5B,1
935C5ADD77AB,2
F645C470E32D,2
06CD9DA84EA8,2
51BF07CE5FF8,0
91D02947A04C,0
E45CE05FA4DE,1
509FC08F8B42,1
51C63E35A7CD,1
243D1DABDD59,1
BB45911073F9,2
73393A37ADAD,0
79700F228214,1
70A96735927A,1
84DA3F7DC027,2
18EB5FC65A5C,0
95DBA3DBF489,1
47D493DB4D4D,1
62E5D4E335C1,0
3AF54397487E,2
0005F0BE1FE2,0
E5E2361582C6,0
D03308DBB72C,2
3384A6AAA6FE,0
04B316D4F3D2,0
606ACA1CEAEA,0
1834A07E2DB8,1
FFDC8D2797BD,2
7AA565AA3366,1
53D1E0523995,0
D8A9703A8D4A,1
5A881DCCAE07,1
A054EC190E9A,1
BE59335FF2FC,1
C2EC5E8514AC,1
4FD52E912E8A,0
6A745D4915AA,1
0A98183ABDDC,1
C6C8C392356F,2
B2EE7455C6BC,1
F79713B89F07,1
7AAAC27F9A0E,1
5B0465998100,0
62559AFE5764,2
BB498D9C28E9,1
0EA0E547BCA9,2
78D131C378B5,0
CD62FB5A0501,2
FEB083FACFC0,2
BFA040F93608,0
F3085512CCD1,0
137D7C132AC4,1
9E5D20869371,0
168FF780A94C,1
B33B5C5AFC38,1
6A68E41BC9DB,0
C92FCE904A98,2
5FDD55FB1B06,0
280E6331D24D,1
9710E7A50DD9,1
3CC58F301CB6,2
D85ACF4A98DA,0
DB3594C29956,0
26D2A6AB9688,0
2FBEE506A63D,2
42DD5C70A478,1
F8E5434D96A3,2
6975E00BCF5A,0
EB4049FABA72,1
2BA09B9257F6,2
80F955EF5DEE,0
38D27EA970C2,0
5FA1A6B39126,2
F72F8513C587,2
1265823A9C3A,0
1D029ACC08CF,0
E960D633D07F,0
EEB091E28FEC,1
52E6A3BC51FA,0
CA7856146A27,2
F039E5D41AF1,0
96408362091B,2
46DF307247B3,0
4502AB95EEF5,0
382F2D6BA2B5,0
46F6B8515E29,2
0E866D76EC5E,2
6B6D43A32F88,1
927D23FB5087,2
1BC04931FB43,0
C02C001CC8E4,1
5285C5B694E8,0
6A711360F8E6,0
4783574F890B,0
D98BF41F16B5,2
C4707E717569,0
B49421EC9D82,2
695B742DFD87,0
98D02D96D491,1
6CA3766B1F53,1
FEFED893E25F,1
267257361679,2
FEE12CAFAE41,1
666DA090A960,2
1B7F5D55EA6B,2
950383E24E53,2
E2BE5D42167B,0
EBD5DC69D280,0
9C07E207C544,0
8B31662588DF,0
2AB6129E9EE7,1
2974BDAE5F75,1
DCCEA8FBB806,0
791B86F36B71,2
64B93E089CB4,2
7AA41FC399B7,2
9FF6A0A2C806,0
1CE24F3E3A33,0
44B9CA23B7A8,1
BE8211C0D0E1,2
211D01977B1E,2
45B9B05BA90C,0
3C78CF02ED8A,1
9161873C2236,0
7B95302B1B4D,2
22B35F90DC9A,1
2A4C885111CC,1
2459C75D54EA,2
7A7E2A9B696C,0
7D27080FA9EF,1
B6F75ACA57A1,2
193F9504EF03,1
225B054FE491,1
EEBF487C0857,1
F9A42D14E7FB,0
33E429346667,0
59241B1B78A0,1
BB39F9302698,0
8CD659D7A990,0
D06A4C6021AE,2
917F8DB88091,0
1D4D1FA73C4F,2
598CA40F43CA,2
E47492FEFF1B,0
146765564A22,1
5911460FBD41,0
4A61930FEB7A,1
F7F520517139,0
EA4F923C4FB0,2
6C172B543C19,1
A3357BA22F6D,2
2C3C0546BB08,2
4E847C5729E5,1
044173A0AAD1,2
F56A7ECEA622,0
50906EAE4A80,0
753804972A0F,0
BD7684892413,2
C5C824D65059,1
7E186BF33FFD,1
76F7745DC64D,0
B1ED40C7699C,2
B125DEC89D10,1
3B2C8E33948B,2
475795FA1BFB,0
C23F41E31DE0,0
0C3300E527AC,0
3DCDF9E8FB98,2
C1915A6067D3,0
202962C107F8,1
FF424F749A6B,1
C670F9EF535E,2
AADAAC4BD49A,2
8DF48789DA91,0
F4CF6DB445CC,0
1FC38913FD25,0
B067C3B4889A,1
F66268939552,1
CA96D065B909,2
414BB7097272,0
D681287B214A,0
CA051E0F26E4,1
51E7FC3A9B9B,2
ED1791CE10CA,2
F94FFFE26EBA,1
501982BE91FC,0
2330AA431F64,2
1297DD535505,0
9140FFC234AE,0
CA45B21194E4,0
ABA772C53CEB,2
58E1F2A10810,1
53BC01E567E1,1
2E6F34C23B6C,1
B4D0584A298F,1
3C90921FE089,1
3DD63921AD3A,1
96FDDCE21B4B,0
236A6A7B3F04,0
92C9BC653AE9,0
F3305FB8D01F,1
B83BFFEED4B2,1
972BCCDBC853,1
48934C8ACF83,0
AE7D567752C5,0
3D956EEC2EC1,0
E3AF88F16677,0
2FC315052934,0
ED9EF9B9D9D1,0
680F5A047349,1
72338DEC783E,2
B6BB55DCF588,0
CA048E607BB8,0
25D82CD6D5F1,1
8D7F0994C800,2
27CB33D0F3DB,2
1CD7DD7BBD30,2
CAA33041BCF4,1
5E76900CD38D,1
666C16E4FBA8,0
99EF0E2C41B5,1
35BC4B05DDA2,0
9A15C6A5E542,0
BF0A603D5B9A,2
EEEDD4EB45C9,1
27CC35D2F234,1
C0CCA02DE1FA,0
543DED4FF855,1
47D22B9477ED,0
BC596C519E98,2
57B85095F4BE,1
68408AB1648F,1
D86C6AF08DF1,0
ADB7887974A8,0
808E6A8AE168,0
1FC7905FE0A6,1
5BF5AFB75C97,0
B8AA73D6F408,1
BCC62584F3A9,0
B00E6D1F4CCA,1
F4E54A0A9DB5,1
A6F259293C6F,2
F92F33B67526,2
79A3294E7FA3,1
C863C6D4CA33,2
BFDE917A0FA1,1
D6527C477382,1
7272D37B9076,1
01B0A27B3785,0
4B37A7A1DE7E,0
D21C2C0A2D37,0
A800CDD9AF10,2
D281C47B623B,0
C0CBAB4FCB80,0
9333CD272CC1,2
6D5E512A057A,0
803EC00D0613,2
2FB0755B7F38,0
86F7B713FB37,2
3581D36FE784,0
F19C1CD4594C,2
D06BE92F339C,1
9AE6416407C9,0
9F721670F49E,1
89F2682DD2A3,2
0168961B4872,2
E0579E84C7EC,1
BE9F59FE03CC,0
2FFD98AC7827,2
E1850ABB56B7,2
56227A4B11CB,2
C5C9DF5A0BDD,1
BE8246DF8573,2
A83396C2DD75,1
95DE726542D3,2
40542245B83E,0
725BC8692257,1
DC78B5CFDBD6,0
9C70D9E011E8,0
B8FDFC28A62D,0
B7F162E509D3,2
53B0E4588DDC,2
E0E4041F4E30,2
90789760C00E,0
AC43098AA2B6,0
986926A3D1D3,1
0957CD83815E,1
F65AA48DD39F,0
343836603BA6,0
45237916B2B8,0
C3882058B13A,2
059D706E502B,0
17F62DD3C083,1
277E72FE70A1,0
2218D068717F,0
CA626089B7C6,2
209E7E589AA1,1
B5A8BA939840,0
1BD8A9261E9E,2
8A5E22F4479C,2
633CA84B7A7B,1
BEC4842C0083,2
89154D094587,1
B5F95AAC772F,0
C1D691D4E240,1
EBC96A30403D,2
326992637F44,2
D4B867A268F8,0
89EED4FCA21A,0
CE521549F1FA,1
5466AF20604C,0
BAF48518D922,2
7DDA2BA88453,1
1F125146F9E9,2
77D211D31CFF,0
FF2740CA422C,1
B84290C7EA2E,2
95AEA57CD8E2,1
01447FC28F75,2
4C983B5C3770,1
8DCE7A553421,1
444225817C8F,2
FD20F78E4EBC,1
8D27DDF24354,1
B80CB449B165,2
82B20B38D938,2
6BBB7B169344,0
88421C420B78,0
EF03950DECCE,1
35F84F84A0B6,1
1256259AA519,0
C28E246B8089,0
17A5600A93EE,0
E4DD1409FAB1,2
AE7A64094D55,2
77F70239CF73,1
E1FAA1F169BC,0
8EA28A04A3FC,0
6A7F84C20685,1
4613D8F63C53,2
62C531AFA17E,1
EDC4E0F2DB72,2
40D24E8EC2F7,0
78FBB553621C,1
50EF240F5F50,0
E37DEC8395B3,0
F5CD2B6EF320,1
77AFB605D456,0
F47D18A05BAF,2
92B053EA1BA7,1
4A87F75BB374,1
94F3EB06EFB6,1
27D51EC7DAF5,1
D608EBE45C0E,0
E9A015F068ED,1
B8C46255D3CA,1
24DD8C86CBB3,0
B1587E5DD5FC,1
6B7C6BC28E2A,1
F2D2E260CE78,1
C95FAF446F2D,0
80B10D044DC3,1
7883C55D227E,0
8CCCF8ABCE16,1
0B3897106E1F,1
984C60B4ED76,0
E4BDB83F6A86,0
4EC6F767FCF6,2
D2D60DBDC3C3,2
CEDE26475996,2
F6CC9E9DAC16,1
67089B5EDC9C,0
13F06FAF59DB,1
D71CCB18AC31,1
21A5F897C8B0,1
394D264D4828,2
4B598432BE8B,1
303D2B3BC498,2
92F6C1D92FA0,1
4ADDFF04B341,2
D1AAC2F0A06E,0
00A4271DCF00,2
2D5DC5F72B4A,0
39B7091F0EAD,1
6AA564D04806,0
A2DCFA1AE669,0
1AFD749FA8A9,0
5D61B529942A,1
66B914F4DE72,2
5E4A29F60EAD,1
42ACB54F4D10,1
07EB6741BDCE,2
AB98B0AA950E,2
E64942878734,0
9D38200F95DE,0
61D1762BD10D,2
4B01D4539855,2
DACE58096A1E,0
1F9EEE75C6A0,0
9D9984F2CBE5,2
36B0C2145E60,2
6A565D7C27B8,2
7E2CD7663EBA,2
6A6D3DEAF0B4,0
65F864E92A09,1
BE1C6ECC3641,0
4BB9ECBAB0EE,0
0F2D304CF71F,2
FE221C9EFFF5,2
FF9B4A349905,0
DD5E4BFE4F4D,0
1C8E0233967C,0
C7FE95058F24,0
6291226ABB20,1
0921082DAA9D,1
B1F6167B11D8,1
76919BAB641A,0
4A2B35B770FF,2
7FD5CCD69F6A,0
761ED5CC30C4,2
DFB7DADEA6B9,0
EB94184AC119,0
35E1CD626824,0
BDD309943C4D,2
739EE007F7F2,2
EE70782835B8,1
8D77B605E165,1
F0F517F569B0,1
C218ACCA5F79,1
226499E55A6A,0
C9C795CB5ADC,1
EC1D4698DC1F,1
AE774FC02163,2
6B14AA6FD07C,1
8FD94EC3B864,2
3876A1430148,0
F2D3A3EF2CBD,1
EA89DFEB81A8,2
F8DA2D188E96,1
253BD57BF31D,2
6BDF025CA586,2
E703AC2F9385,1
3875E030759B,1
4FC0C5804DBE,2
52656419F9BC,0
5C3343B82149,1
0ABFF67A231B,2
61E3C9F583AA,2
17D7560D6850,0
9C4D7BA277D5,0
4D95E77F12F5,1
E266471F7B22,2
4DCEFA41C7DB,2
FD4EA2843D62,1
DFFAB3821AC9,0
283603D9E97F,0
0C1E1E509CF3,0
BB13F7421CF7,0
C5893ED398CC,1
A5A8DACB6E1C,1
2FFF6C2B9960,2
40BD2BFC3779,1
851BAF1D446B,2
909F4BC47C95,1
57BA807C65C0,0
E13B00264B96,2
1A43543A99F7,0
F26B77123DBD,2
3486100DCBA7,1
5A7F3D6509BC,0
AE09DE762EE1,2
168DFD41A483,2
5395674C79B8,0
E4131B52C3F7,2
BD15A0F3531F,0
FE0B411642F7,0
073D2642863B,0
CFDECFCA19F3,2
A341AE236ACF,1
F6CA164E17D1,1
C278AA1AE222,1
9F5C5EB6646B,2
C26978A18778,1
BEA6CDB8F850,2
0252FB8E92F8,2
87B7F04083E0,0
428DF62B2837,0
7CD63B8E1448,1
E106841DA058,2
4D410780987C,0
982C96FA91DE,0
8206289235DD,0
4598286B185C,2
400B33F30A69,2
D0E5603A6012,0
207F1644109D,2
D91F1E99AB39,1
8F28AE0C2ED8,1
5C9E97B9E27D,1
B1DAEFC6FE10,0
A7AB29809C2C,1
9736E5A295B1,1
24682884E2E2,0
8A39FE631AF1,1
FE8A85CC8D4C,0
521170CE459C,1
4E64B9662B52,1
5FD4B8E99079,1
9FDF52077899,0
7D5FC931EBFC,1
C48540165010,2
71802C78C273,2
25021B463555,0
80C41854B2B7,0
05517D806B94,2
F2DA413B7A91,1
9F7686635FF7,1
CCB251732908,2
4811E0CE32D4,2
82E0D5F35A53,1
0F9FA4708BE0,0
086D9D069185,2
172279ED8832,0
20A00B3C0C21,2
E1E5F9D5AB9E,2
A5EB4448637E,0
2E31D0BDE0A6,2
C43C49417482,1
23742081D991,2
93C1FB603C34,0
81998A9D1787,0
04566949CA79,2
346DA343649B,1
9899F9777D11,1
1760C3DAB336,0
5F78D284E982,0
1063B2AA6D1D,0
B402401697F1,2
C0861F5335C9,2
32267458F986,2
8FCDB3462318,1
336350C2F762,0
FBF870FFF7D4,0
5D9ED9ABA890,0
BC1455AE1D08,0
BE350B6AAAFC,2
DF8D4C7F6EF2,1
45E76ACBEC76,2
EAE03C5B9A1B,1
E914EFD0DC60,1
D0226B85C793,2
9C433F017E77,0
B41BABE6FF4B,0
A30F8E7AB6B4,0
EC9EFC0D23A7,2
6A838CF82300,2
962A8D26E561,1
C979E2D0C8BE,1
118E406912C0,2
F018418074B0,0
A25F5B6AA5C2,2
59C7726ED6EA,0
D7685D2B7319,1
BCCE97AD4F77,2
B6EFC9C05C21,1
5C580D27EF6F,1
5BE150C1A0C3,0
656644413225,0
9F69857FC892,0
DF99F2FD0B38,0
FEF135E8072C,0
84F7857E425D,2
F609EFCFAD19,0
7B8A7E69CAE1,0
1EEC43CB2F7C,2
B1D8FFBF99DD,0
B7A044FBE68F,1
B4D1290746BF,2
0200F36AF49D,0
B7802DF3E7D8,2
1626F06C53A7,0
FC9E99BF5D78,2
04079B2B90BB,1
E6E0064C97D7,2
301375115DC7,0
76B9236F3E2A,1
CDCE0433D414,2
DE81B1578B8C,2
5D4AD1B61393,1
05D2849F070A,2
E5EF573CC46B,2
F83478562E13,0
74F337905B40,1
27E099601AFB,0
187A271B3EF6,1
3C0BBC355D4B,0
116BA69C2299,0
DACB978ADBD2,0
4AB4241421AD,0
DF8D12C27C57,1
D2003751D512,1
33873EAE1EF3,0
0B78BAF7F1B2,1
FE94A0904629,1
20224CB07534,2
B972D572D8A0,1
93AAA2DA10DB,1
A0FC38D9B925,1
DF5BE5208FD4,1
D1B93B8DA562,0
89DC0A766A68,1
920C8EC2BF59,2
AA06E7F5EC2A,0
C9D5409B24D5,1
C34EB848345D,2
6296C5CB3A00,2
C53AFEC44EAD,0
9433B2D101AA,2
F0873BC87983,2
614FB32BC5C9,0
364D4158F824,1
AD573FABFB45,1
15C4143E91A4,0
3B29D2EDD99B,0
FC103E005BBC,1
EE23328F79C5,0
700F8A2F1DC5,2
EA52D6E68FCD,2
10610F10AB92,0
2C740800F88D,0
9B7AA2AC59BB,1
DB8534D385E9,1
5295045B6596,0
2D550B6BF70B,2
94256B1CAC3A,2
8D728FA1FA16,1
FD7A4C347054,0
42445B8A2DBB,0
1CEE57955E5F,0
4A409B4D2CF6,1
5CD8ED9E7BAC,0
CD9229F63E4C,0
78A3E09C8966,1
505FF303684F,0
B32495DD26AC,0
FD4431C565BD,0
88E3785605A0,2
504B60DEFA62,1
9FBA4EF03A77,2
A25AD5474465,2
CF2126B009C3,0
E0705FDDE322,0
DB0D72C4F8F8,0
427FB3413927,0
50D761D58CF1,0
A8B27FEBA2F9,0
D17167F92525,2
35800C62C54F,0
42ACD5B736B0,2
BAD31EA02CE8,1
AE40010D12C7,0
91B828552A25,2
76474D4AD13A,1
DD8E311C9A25,0
215E844A543A,0
83C923CBAB39,2
ED69DD7923F1,1
6BCE759DFA03,2
6583E5E537ED,0
936C1DCF15BD,1
CF0D56067282,2
3CBEEDE3D1D3,2
8F62AC5B1CF5,1
066F8BABC4F3,0
7F7B1CE39D13,0
7677FA12FF7F,1
E23C3F096FDC,1
22C50D54D352,2
2E20BFF4F9AE,0
6C2CF9486C61,2
DED0CA92AE83,0
B0D87C0CD641,2
2D4DF952A266,1
BD23406FE850,2
6CB824651253,2
ED0C35CDE17D,0
FE550090934E,1
D91BF418E575,2
40187E901CAB,2
6C9EAF123A04,1
51F983B57215,1
AA17C32DA64C,0
AC1077A151FB,2
64BC42A8EB23,2
A6FC73ED0E42,2
AED8BADD3D47,2
75BDCE16BAC9,2
70C0EC05DE5A,0
648FF1D6D182,2
1214509B9A9D,2
8334247E4ABE,2
6D5552898A5D,0
E2291109A8D5,1
143FE92A4636,0
8F4C7C3DA3E9,1
C33D451A06FC,1
B0BF82C9DFC3,1
A1C40B58F0CE,0
54F93FC11636,0
A12BD30DFC97,2
50E11C9733BF,0
FE12BC1609DF,1
361882BD6807,0
FDCFE112E33A,0
2369D3B2CB5A,2
DA815DA6BC9E,2
489FF6370DBB,2
4147D99940F9,0
EA648A94201F,0
DD6F0B695189,2
38507626A740,0
D8A509D932CA,0
73B1E4C0B305,0
57B243242555,0
5FCF5F5F57FE,2
CF36497A0E16,1
19B20639E25B,2
44B6D4AF2714,2
B38C073F7F5C,0
5F16BFE1CDF4,1
38E1A5A1A2F4,0
9A2250B54266,0
B6B176A9B54C,0
41D9E7C481BA,0
3581B2E9B999,1
480B5EC9AC20,2
65B9F716FF32,2
9B3BB6E3558F,2
56D5B595B71B,2
F0C61F77ABD7,0
B6ACE89819B5,2
87B3CE565F6E,2
47661A4D04E8,0
43DC3C7D14CD,2
69002C064BE8,0
C5AA7F000557,1
50DEF43F6FD9,2
3FD3CF1971B4,2
22EE245998DD,1
BF4FCD93A290,1
F5BC72F74027,1
5A6151AAD8E9,0
BC168DDFD8E4,2
C9F0F3D15001,1
5D878F264F80,2
90FC3975E601,2
326E5CDDF4F0,2
9BB415312D8D,1
BC65100172A9,0
E621DB429CD0,0
4876E6CE9585,1
C3259171683B,2
D266DFB830F9,0
B9A0AF30479C,1
3411E712403C,1
1C00F3ABFDD0,0
C0F058B1B31F,1
1FAAC95CF6A9,0
ADD777AACE48,1
ECDB53F98D9D,0
F24C61E02B84,0
04BDFD7D22FF,0
31EB5CEE7DA3,0
7A43CA15082E,0
F0863CD44C04,2
82EFA3EF7E80,2
CB95B997EA6C,2
608DF640E6A7,1
51785703D648,1
3447A72B620E,0
416624329CE9,1
37E48DBD98D6,0
3660A3A7BD07,2
8A14C05BC75A,0
470E12542CAB,2
BD47F6C63515,0
D15FDD61B4FA,1
1F080378641A,1
CE70F4D746EB,0
F392547B0F4E,2
0CC0A0090333,1
DB6DCA9D281D,0
34DA69866DE2,1
301467A22D06,1
31F984A9A1E2,2
A4009258A38A,0
5A42BD0AD0C9,1
0529225903BA,2
F7769500E816,1
0B1A9B6AF817,0
677D9BEA1335,2
701F5CF05E03,1
DDD55ED1678A,0
B6271D4D3898,0
040FB1E8404D,1
F6A3CDA6D048,0
FE2EF4B58701,2
123EB211B996,2
E3A00FBE8A7E,2
208E63E24D98,1
FA58F2DA6F49,0
36B928E647E5,0
1A692C2BC0FA,0
D439A70C26F2,0
4AD51DBC9E91,0
1F028AC7BD65,2
62978EA14D36,1
78451D291E87,2
41B9C2B19130,0
BD44ED8AF056,2
2CAE2182D9EF,2
E35E8B4657D9,0
F1C066F2E47F,0
3667BE66A86B,2
720B4C0389F6,2
ABCDC7034F5B,1
7F8B760DCA98,2
E034DEB04028,0
7F2AAE990DBF,2
7815FACACE34,0
CD8F9F10DF65,2
5E9325C6C7A8,2
8971A9118A54,0
66A21AB48308,1
280C0A3CA104,0
A74533FC21CA,1
B3D2A1365B7D,0
AC0B4FCEB6AC,0
8CD20E5AEDE5,0
C0F2EE35C537,0
7B4039D2745D,2
5696242792DE,2
53CA5D2E9EB9,1
41E984080E0D,2
1079FE8A56F0,2
A19FD31DADC4,0
0C46007A8178,2
ED13435F40D1,0
C00784BE9A9B,1
3A3EBDB4220E,0
73A27F0AAEDD,2
08582FD280E8,2
67ADBDDF7168,2
27B47E2218EA,2
604312A101E0,0
65B756781B5B,2
9671A6B45F7E,0
74607F9511EC,2
7DAE1D59CF1C,0
64EBD8D2FAA3,1
229C143B2D0D,1
BF59D3068AC3,0
51148D75227B,0
D89FC75A8720,0
9695E08DD4BF,2
BA51BD2E8AD0,0
A5CA6557746B,1
5821345F00B8,0
F5962B8A7135,2
6E33203DF5A3,0
ED9224A71682,0
484D18FC7B64,1
F2F37F4B0205,1
C3BF99A54587,0
AEA3FF6ACA47,2
87345A4029BF,0
EF4E2EE170E5,0
ECF33476A3C9,2
52E1EC6009A3,2
B6BBF462A8AF,1
FFC59A82A2B6,0
3FF3D0019EDB,2
A06CE9795422,2
7D1F06B9CCB1,0
5A7706BCB3B2,2
6EAF9FDA2ADD,2
6E5F82D2AB02,0
89D384256E51,0
58E67A9BE8AA,2
AE96AFA73AE3,1
C6EDAD957E3F,0
43F3E2B6F1CD,0
FDD3CC8BF2B7,0
E5C6EDB73097,1
26C8B4D6F636,0
B8C700EF6E7D,1
77DF3A00C50B,0
EF07A6914110,1
7F684A912C94,2
140F30918507,0
60A65EE959CE,0
25009827BBA4,2
DCFCD9EAC0F4,1
54A8B9099410,0
1F84EF22426B,1
AB8EA22AC029,0
9FBD60BD61DA,0
7D3A0B30D876,0
65AE52B89B01,2
9E39D338E13C,0
420BDA570E88,2
AB879B3D2A9F,2
350918D916DB,2
5B4556DD2CB2,1
F13011300C00,1
28D91BD97B86,2
E93AFAFDC662,1
7A76A6B00EE7,2
0A88C08FED0A,2
BA54ACA2D7C5,2
FDC60A6D6A83,2
06F7073175DC,1
460A8C46D75E,2
CE0BB7E5A048,2
6EB6373CD8F6,0
036E0AA7C0A0,1
AC0E9CD65965,2
DE5835D9B754,2
82E224283B88,0
21B3452A6261,0
F545DF3F32D5,1
5671F9FD0E3E,0
9B7424E3BF15,1
AF9DAFDBB291,0
89451BFADD11,1
8CC0CE98A39C,0
158A411ABEE2,2
29F91485CAC0,2
0A299874AC75,0
C4CF811DE941,0
E4364324107C,0
FA25240500F8,1
EF40061D49BD,0
945B12B5B964,2
00F2B17EB0E9,1
BD8DD0A0C3CD,1
76A87C850BFC,1
7C424385D2C6,0
DC05C6BE894A,0
AAE7D2C2D280,2
1648762A0CFF,0
0D7E7D769ADB,2
85EF078763E3,2
EC3BC283841C,1
C6382C9CECEA,0
3E18389A702E,1
FAFDE7A85C64,0
98A3F27F7FB1,0
4B2EC6690BBE,0
97C3648807FB,0
DD3F1A6CB9C6,2
353BA7009A16,2
291BC041D167,1
A069D18214DC,0
57440CA5BAA9,1
44271D383295,0
CD34829D69E3,1
7C64BE830C8B,2
3DF46BF46CE2,1
8707B0D11288,0
FB31574845F5,2
E07EB178EFA7,0
B30C64FE750F,2
7D6A2C687E87,0
83E8D3AFEE2A,2
74733CE91CAC,1
1EB747760544,0
85911448FFB1,2
5E0DF63157CD,1
ECB6E57D7D90,1
557E3BBD9AFD,0
D8747BADB3D2,2
FB9B3964B121,2
7486FCA7F610,0
5C75237AA812,1
8AAF69336F86,2
20345E933076,1
F5F41EE916E8,0
C37B844E51C8,0
27911CECD9EF,0
58711A1FE4EB,1
BE0F7983FC40,2
E3C1F98F39C3,1
F4D02CFF42B4,1
8082F36F69AE,2
12B55F009DE4,0
814298AAA968,0
182FCA021471,1
F24A803A5D17,1
16371857FE64,0
717E6538B859,0
6F3C25C39251,0
FCFCA1A88EF7,0
C307A5AD694D,2
D448BEFD508D,1
C0E18E13F693,1
A1DEDB76F11A,2
E959B98A4369,2
8864155E33AD,0
D870A92D5095,1
C28656B05CDC,0
D3E2B204BE31,0
44264964AA2A,1
8043EAB8F062,2
FC08C7037EB4,2
1C9DD9EB156A,0
490D1F277346,0
34298EE60566,0
D9AAD83D3B43,1
BB95D8085493,2
EAB8DDE5AB1D,2
63D4730F4FDA,0
EA4DBFE5EB4D,2
6ADBD04B2B81,2
1B943426AB16,2
33886AC7F629,2
9FF73CE17F59,1
A6FF640008F6,2
2B9532EAFF45,0
6B66AED5CAE1,2
7040EDF4F86A,2
F6A17C164523,1
5E6027B1A358,1
3AAC87EA43A1,2
96CD86F08ECE,0
C3D6510D626F,2
6B4D24E9DC8C,2
12BD89A7E4DB,0
7EFC306DA43C,0
287E761A9BC9,0
98EE6C8EA454,0
F066E152F5E8,1
72B7FD84AEF2,2
348995C6C6A9,0
82A60A7AA340,2
B2B51D5AB2C6,0
33810F285444,0
A7513179AED2,0
CAABCF8DC490,0
40370076DDBB,1
060165DCA4D5,0
5C1086A9459E,1
BCBCC647FC86,2
75FC4C99AE24,1
C8AF8FECD4BE,0
0B5EA725261B,1
70ABE6CAED51,0
DEEB4A646833,1
537370889FFF,0
396FC6D30620,1
7D45BC9CCCBE,2
EF4879498A68,2
CED2C78B7813,0
EC7A97AEC0C0,1
3A6248911D76,1
41E7DEEB248D,2
7075A6FD5AF2,1
5CFD1038DDAE,0
E7B5ED24C73D,0
EF228C2DDC0C,2
DB9524EEF15C,1
C5D1A9F18E6D,2
C3294E2E383C,2
F5CDDFA3E26A,2
2326A119E693,0
673D74602B80,2
DD6324237972,1
DF5D21D7F320,1
DD6E51680B84,1
373BCE2AC093,1
95DC914EA915,2
B9119D6A8036,0
089CE938F155,1
8D1773011AE8,1
831664B28D3F,2
3EDA1C4FEFA0,1
772AB1BF8E39,2
B3AF48D8312F,1
4D56FDF8EDC6,0
125FB4506756,2
7F0D2D41A49A,2
7BFE9488F33D,1
67C987214191,2
04E4F7497D0C,0
1F373E020C47,2
29F803355A54,0
6D68F07417D7,0
897BB1AAB5C9,0
032538BBD027,0
2FC24460B752,1
1E4ACCBA7896,0
29FEA614DD5F,2
1726210F64DD,2
EB85D6475963,1
6748D239418C,2
4D5FB3FAF814,1
D427C2AAE001,2
23CA6079C1D0,0
4739E1929CC0,2
14B2521BAF76,2
60768B99B97F,2
B4E1BE5FD11A,2
6D36F4AC4278,1
AEFE2033B24F,0
F0E4856B349D,1
25612B760E1A,0
6B55A8A09826,0
93697EC4B096,0
0A8526AE0D26,1
D6EEBF7C8D72,0
EE3B831755E1,0
F772C504A57B,2
4D0158728355,1
5C5C79E620E2,0
D3D952071E64,0
86B286346B12,0
C834791C6A80,2
97E183709079,1
58E95D317046,1
CD1108FB819F,0
663E0B181B77,2
0C5E45D26A95,0
CB512BD795D3,2
A5A11B1CA580,1
9DBF909134F8,0
F8C823ED8B5A,1
C8BFC327325B,1
E8AB1A0B9AE7,0
1744CB23CEDB,0
78040C06AB96,0
82C71763B189,2
050C5EC4A2E1,1
EC72292C0D47,0
D72B7B04BE08,0
4984E615DE15,1
0FD8B09471EA,0
3B2C52C2A518,0
527A1C07D27B,1
8A226B08B911,2
F942192E8398,2
4BFDEE3562C8,1
84C8917A1B51,2
E00FF99C97FD,0
CD54A16317C5,0
357673150B9B,2
85077438C3E3,2
C61A8D583995,2
9DFFE4B2BE32,1
4FD2F89FC39F,2
8152AB134F36,1
0C453BFA19C2,0
1BB5897E1ECA,0
1D2689DD4E05,1
CD834DA414C6,1
DEB3C2968977,1
1DA8001A0DD3,0
0EA15A1351DF,0
1B1FB8F52BB1,2
823A9FA40805,0
36354751298D,1
B753E9F47AFF,1
202D556552EF,1
E42626D74E56,1
B7E5F5A74626,0
AFD559B89179,0
68D192C8F0C2,0
3D232DD1E2DA,0
2F69A2639CAF,1
36705AF47DB5,1
0754319DF8BF,2
099370C4C40D,2
4C3E96591F1C,1
6DD8CC3B783A,0
5B2B64869ECC,2
351954452F63,0
364562660EF1,1
C823E29DFD23,0
F4ED4687AF4C,0
BE1709F752EE,0
352D232464B8,0
2F68D4520F11,0
3DCC50269131,2
B5CEDB959849,2
9C24CCFC3DB8,0
0433CF687FBF,0
0CA4FA7C439D,2
5C9EBC2272D1,2
D09F19546B52,1
BD294BB18094,1
6DF298915395,2
910E7F00517C,2
941CCA01A40A,1
3F71C71B81D9,1
D8025C7FE6C7,1
CA91906EFBA8,1
FD5826969823,1
9E207511C289,0
9D6635C08996,1
1E1B1E18F7AB,0
E80D4B44E5B9,1
F40D939C8362,1
21A50085594A,1
061141664BFE,2
97FAE79E3228,1
023AA065142E,2
AFD249CF17EB,2
775542448293,2
CBFE09AAADC3,1
BD7AE77AB815,0
378FC952A92F,1
86D9A22A0AA8,1
51F92DC56E46,0
C36CF2BEB8EB,2
ED0D623C43CD,0
98F3F429664A,0
826BAF1AE963,0
A0CD36F48704,0
2EAC87CADD7F,1
A1BD8F3AFC8B,1
3EBA3BE5E2C7,2
E817D97D3E36,0
DAB9A3F193AA,1
356A4FAF63D3,2
995BBBC94DDE,2
8C7460213180,1
BE120838ED94,0
7BB12E323D96,0
CE5E6391CA23,2
A6D15CE0D7E1,2
00A9B50EBBBD,0
826FE7419F0A,2
C7AA3924AA82,2
72C7F422E13D,0
08F91D2E7C68,0
6839019839C0,2
53A48AA36509,1
FCDED3A7C02D,1
03E2F90FE468,2
F0B3428BE0DB,2
9643B2C712E0,1
244275568AF6,0
04538BBC166C,1
D28C97CBB606,1
000B3C8D9975,0
82349EB5110D,0
0762FBAAFAA7,0
EEB5FC146BB4,2
346938D5A0FC,0
BAA00023BED8,2
FF379741B6F5,2
406B73FC5F0E,1
B921FC9F458D,0
F1F1A3BA0EB2,0
ABE2DCD905FF,2
0BC9D4DD007E,2
D55D410BA475,0
3ECA9B665527,2
9AC09D677D00,2
4B206254508E,2
2276F34F1F71,2
13D95F077D9C,2
EFCAD03E12BC,1
131F24B20BD6,0
C774E8E6C9CA,1
68BFACC1C47B,2
F0B0A1089A05,2
5DC6341D4217,1
A9A1A16C3F64,0
D5F2AE8A087F,0
23D3818A8AB3,1
F98213F24C7C,1
3686E049C5B4,0
81145A5D4712,2
C50ADFA04D46,2
F0E232DA1107,1
785A341C1074,0
1B1CBCD2434E,2
AD9C9FAF77F0,2
0D2E346182D3,2
F409EA90F9C7,2
63A0F2D8206D,0
401A44DB55FB,0
0746A5813C08,0
1C89BC8F934D,0
B3A2273D943C,1
3FD3AD4DAE8D,2
EE8328D3705F,2
7C7924F84B57,2
A0122D6A8A0E,1
EE1AEEF4E372,2
C6D8CCF6802D,1
A484AFA98818,2
CD6AC4917271,0
A2F519DC973B,0
1AB139C20DA1,0
F235CD92221A,1
8882FAC06697,2
6AE4DFF455A8,0
FB0AA8CC1021,1
713247F0BC90,2
D325B910B61F,0
243DD65F8783,0
D908375DA2CA,2
972763BF8098,0
F452D7E350D8,1
A64AEECDFA49,1
57BECB34E312,1
9EB25F4E4559,0
0E0E55DCA36A,2
928BFD22A756,2
5BA2063CEC54,0
90256C3CB6E6,1
8CF8B2A0E66F,0
6ED9B2B45B4A,2
8139DCFC6CE9,2
BD9512744437,1
849143F62DD2,1
64E26891051C,0
DDA9E70D64B5,0
FF38F177655A,1
AA5E02536C7A,2
4D5147D81A2A,2
0176E4E0D0A8,1
D82DD1B2E318,1
A126076E15EC,0
7C04D23897F2,0
62022EFD293C,0
390CF86BD248,0
A486A4C70191,2
E8256759D40A,0
932E6646D997,0
A742FB9AFB58,1
E5BEF2CB7622,0
171653DDDEF1,2
BF7EEF71BCB7,2
8174240A805A,0
3A306DDD9236,2
08BEB8684B58,0
1B3D8B2AFCFF,0
4BC67FECA9D1,1
7F3EE27DE5B5,0
2E76F8E5FB28,1
2333B479E8A4,1
3B94DC39811F,1
32A8BAB7A165,2
A247FEB45A44,1
B9C60CD3B9B9,2
332261FF2884,0
DC4F45F14EFE,1
21953C6401D2,0
CEC121D94C8E,2
0B2463452E4F,0
54C5C4D70FF6,1
9D03C2F72CF3,1
5EF7480A1633,1
73FF945C54DE,1
8284965705E0,0
1640F145E6D2,1
0B7EFBADA65D,2
0346886F886A,0
DBD59DC32DC2,0
4B8D87EE7D80,0
F8CA6F224955,1
490D7804B28C,1
DAC1431EE502,2
0601CF72DB2D,2
41A2D7F5BF97,2
1B2E562031B1,0
4C6C57937238,1
85344522DCDB,0
B62B62439147,0
C54C80F93606,0
7D1CEC5E33EB,2
55FB62F607C8,2
FBFFC8B93D6D,1
9A91C9EC8A78,1
D41E3A3E1235,1
2EE2C7CAB95E,1
0A3E2550B4D8,2
7901F83ABB70,0
7E0ABE3EEC21,2
B9573C2D5A9D,1
A4CF85AD5088,0
715F3E6F0C3A,2
D6EC16EFF0BC,1
AF4E13276FDC,2
94DE4AEA5FF6,2
DAE09DE51A14,0
52A59EEE53A5,1
904084466015,1
B8B82C34D1BD,1
0C0C9909E16F,1
FA166968B6D4,2
19E3CEFAD26F,1
4C461E4B2D30,0
0B9F3B55B4BE,0
914F0B552BB4,0
14E4347CCA39,0
1262ABA365F4,1
CAFCA8995588,2
0EDF82EDE908,1
48DF3E15BE6C,1
B3CA3E1F6308,1
99D492FF79B3,0
DF059AB149C9,2
B2D9662B22F2,2
7C91EFB10FC5,1
5E8A53401312,2
1EE47345D66C,2
74EF2589728F,1
7E6D8C83399C,2
5FE537DAE3B0,0
25EF7557533D,0
B4DAB14A8231,1
8A23BA288A3F,2
8053F212DC41,0
6771EAEF9CA0,0
EFECD65282B1,0
79C05BCCDDD0,2
7012F192B7C5,1
B414798F56D1,0
39C81B7FE6E2,0
5684A61B916B,0
86B8499D3028,0
3B9FC43D6A79,0
5B335F1F9A8F,1
4686621CEE81,2
3E8CA4E68B3F,2
CE8E31B0D470,0
9A2703F768DD,2
AA4DC333760B,1
B27C4BA1EF68,1
2B476E1FA02A,1
4168C52CD569,2
EA1B0B656A04,1
E59900E86186,2
C8B0258AD695,1
3D93BEE5FE8C,1
8DD9819ED5A8,1
3E7526044E4A,1
2C29AB38BAFC,2
17A179932C96,0
44C331B1634A,0
1F2BE2369B00,2
F97CF6484B30,2
8599BC8F87E9,0
9D7F55065048,1
E93DFF5B474B,1
37FF4F96C590,2
8D7AA63D2014,2
E891992EB09C,2
E0801FF9C244,2
40D26476D143,1
68A597C60F51,2
8A86D7377F37,2
D9FC2ECEE5BE,1
51DAE6E1237B,2
A8A47E607D5B,2
AB1D80FD4508,0
8C6900E4F97C,0
360B42DFCBB1,2
9F2DBE2F340B,1
475285F87772,2
E3DAB93FA929,2
C624206BA440,0
653849D44697,0
259ADC801B88,2
A5E7B27D0AA5,2
5D2FEBA68192,1
E0B86514492A,0
99959FD17326,1
785FFFBEACD5,1
B69523EEB8FA,2
27AFF7F2C498,1
F33383BE01CA,2
0BF49833BC21,0
CF6A179D028D,1
7F388C10B6AD,2
154011BE4DA2,0
1A36D9A540D0,1
ABDA9EE9A781,0
DB920D1140FF,1
03023A9D1E83,2
A102FBA9F7EA,2
38C917028FFA,2
206FFEECD32B,1
E536162A4B6F,0
A7B8356C0649,2
C6001E23CC07,2
89FB528A00DD,1
C5F94AC562DA,0
76EE60E46809,2
B86EBE36BCFB,1
FFBD36C08B91,0
A0627DF22AED,2
9CB9120C0E62,0
FA246FAD51A3,1
9AADC0555103,0
5DEB43E007CE,2
F42EDE8AC350,1
FBBD1E640939,2
335FD2A99D5A,2
7873EAA7102F,1
EAD99676C2F3,0
3FBBF2A10BD1,2
35DCDF34FD8A,0
C792AC7BD4D7,0
AC878DE47008,1
55A1872C9E36,0
B7C2D4B4D6FE,1
8169C33ABAD9,0
6089AC80A410,0
E1713A152ACA,0
BA550BD92887,1
A4870ECCC402,2
178078D06822,1
C05299FDDB7B,1
959304364B7F,2
07646FB97F7C,1
EEFD4089BD2E,1
277B4A9A6D0F,2
5467CE12CA8F,0
E14E0E216E41,0
578186F45E69,1
4E4F9C895E71,1
9E4B41309C42,2
2828B8FC8318,2
B3DDD86685E7,0
80EAB69C0F53,0
E2B343676616,1
1203801FD6C6,0
1611FAFF4751,1
23B1BF29C6A2,1
995A0DFA5740,0
DCF742BE9F56,2
0DA0ED188422,0
E4FFEC5F18F4,1
1D6C694711E9,0
506D6BD799DC,2
325E878D6023,1
A25ED18FCFB7,2
8F6E745FF4D8,2
04A44DA1217D,1
7B437C0E3DD9,0
71DF4333988D,2
53A779023A6C,1
262CAC0440BA,2
3BB78139E00E,2
5C67940F02D4,0
9E4CCDA64BB1,1
A5754FA13BDC,0
66618CC3F85D,0
68028086FB7A,1
8E998F1B3A65,0
9BA0F47E5FB8,2
1E021D78222F,0
145CCF2E4C4A,1
A01AEEACE733,1
700B595CD87B,2
B9723C8E0CA2,2
5CA905C96803,0
EA9BBE5FA50B,2
321E30033C04,1
A361D0E48D23,1
201F0C0A24A3,0
F9EA5FB8E8C8,1
40F2E8E6E553,1
A0A26F6ACDC1,1
092C771A28C4,1
803EE8BBD043,1
3A0D79013033,2
C0B920FC8BE3,0
7735630BC760,2
F938D268B912,1
5D163CE85639,1
0F7AC78FC53C,2
8345726FC2D2,2
370FEFD68679,2
BF461809661B,1
D70EF5053EE8,1
9423FC70266C,1
69325ACE1F24,0
A40582048F51,1
F6460222491B,2
1FB3A79A19EE,1
5B053992AA07,2
BB1974C980BD,0
7BD8DF8F9EBD,0
9AD9F4FBFB85,1
A9858D52B166,1
A295FC861ACC,2
B1360ECBDE9E,2
11FDEA468B58,1
24663E78F4A8,1
A3C5E98213B1,0
1B24EE7593B2,0
31DDD16D66AA,0
06142F4F20AE,1
7D26440AA6D9,2
29E5C11BCDCD,0
71E825A4F213,0
2D15D93C8B80,0
091872D7AE29,0
287195738BB4,0
52D89943D756,0
266FA467AE42,2
B753CD521DEE,1
51F665DC0D7B,1
733801BB3F29,0
89B09DD42C69,1
C589AF6133E2,2
64BB727E5E70,0
C8DFA0AF1652,1
49E88A03190E,2
91BFD79F510B,1
1F00A92DE134,2
6408272CD99D,1
B06641F25B4D,2
E05E45764108,0
C799FD12E645,0
264298599962,1
8FA4C393B134,2
41D979E725AD,2
611DD8F8CCE4,2
5FACD38FA8AE,0
D4ED8C106B1B,1
A9F3F5AE0654,0
94C65C9B9FAB,2
A06184C1325B,0
478043983162,0
0355765FE9EC,0
6B2762C10F42,2
768B26BD6BCD,1
796EFB351C5F,2
985651742FB6,1
F06295252A31,0
8E38C31C4119,2
461EE3A20EF3,1
327DF70265C0,2
34EF332C934A,2
1BACF1E0D617,2
34DCD9A2E192,2
028C43A34053,0
125638E36133,2
B3AD481B0C37,2
148D1CE6C33C,0
E3F49D473E86,0
A8D972713465,2
B6645C0B5D0B,0
5B1028C05631,0
3AA1CF7AE315,0
E93FD613F51E,1
D6D91D372F65,2
66FCEA357642,1
1E62BFB62E09,0
659E8D2EBCE6,2
345C489A58D0,2
32294B7DF643,2
D112F12C50B1,1
12B9F4D23F16,0
FD9DED9696CB,1
E2EF05E424D8,2
CDFCE03DCEE8,2
CCD374B8A3DA,2
EA20BCE33198,1
E6E3CAF45152,0
D7E954019E27,2
F04B0865F47F,0
0B6E7E13A7BF,0
7C89E18D976E,2
625A3E838CED,0
56443387E391,0
DF64CE350359,0
5FEE13F3BEE8,0
1306EEBE4677,1
8C849FD90BAE,2
C34632DCFDE5,0
47F86B9BB729,1
D49058D57257,0
1B1F90408513,1
A0398C21DC3C,2
630087761690,2
943A92C575BA,2
5BFB9435E389,0
7B2E651486D7,0
B18D4017FDF6,0
390575CE6C09,1
392C58A44725,1
67A7A0990F90,1
DF7D9F222F49,0
03013E792B81,0
C5A73FC57D4E,2
204DF9D06692,0
6C0733A8D238,2
F3303E0A7A90,1
0170E1776BB4,1
754C808609DB,0
7330A52ECE02,1
3C20CBB8AB5D,1
7DD64759DC34,2
AED7AD12B22E,1
E1F446B83545,0
1051A0265403,2
9102F82FC84D,1
1C98C180AD8D,2
CF90F6FD305A,1
9C1DA0EA073F,2
6730D99C4219,1
00FF4CCB8CA7,2
46A480E93125,2
86C25F36798F,1
3CCCC0DB2B16,2
0891C29CB00E,2
ED0E02454A52,1
0BCBA7E24155,2
640744283981,2
2BB4974E55DB,1
B7C365D129C5,0
016958BD580F,0
23B171B8A85E,0
0A7C02CC20AD,1
C66D6AE4E2B2,0
1231124DA738,2
40BA061725C8,2
BB19C20CC0FA,2
86544A7793FA,1
7FC15D7BFFF7,0
A1B1C8A4E681,0
437D7B5C7BAE,1
061C7C128449,2
A8937B6CAC76,0
9D59A32953AC,0
8404D78DD5B3,2
7CA9E5EFC80A,1
918EF7DA9E9B,1
88EB1DB39ADC,2
B32A09873725,1
FFBC58EB4621,1
8D7831FBB9BA,0
330BDA621591,2
726576D7CE89,1
D2AAA79C54F2,0
FB94E8DC6377,2
436AB0270DE9,1
A65D9D5017D0,0
5C97935A68E7,1
86B6E2FC4DD2,0
6D234D077CB5,2
73012D4516E5,2
318767D6BACB,1
ECF3D5430B95,0
D1470BCDE291,2
2A854FEBD5C8,0
8202DFA43793,2
DE521C83EEFF,1
DDD688C7A8D4,0
8792674CDDAC,1
30F07A5E2427,0
785EFE9DD0FA,1
E439D1C99D3B,2
67E052A3C719,2
8B5C9CDDADA4,1
86CF1A3B829E,2
FE4980A95745,1
34F8FB24C046,0
38AF5F135D9A,2
6E878C99F8B4,0
56263DF8C5FE,0
CDF2F7A92F0F,2
D56A1DAD2D57,1
13A6F896C4F4,0
B27E52045626,0
0B2FACFE699B,1
5C1BDCF375C3,0
5CBD34270614,0
DCF0B56B4422,0
0DFDD5AD32BB,0
9B684C361CAC,2
099F873A8FF7,2
DB3BB3FC6C8C,0
2E5A1A4796F8,1
353F3201D955,0
EA3EBD95A717,0
C149EB783361,2
6CA16A09193A,0
68BB4A92DEB1,2
55B2FAAF69F9,0
B4AC72F2A703,0
8775E27A154A,1
348EB45FA3D1,1
80DD9AD79D45,1
7D6B7A3C1711,1
3E0066761595,2
CF2F330EBE4F,0
48182CF52E8C,2
A5CA6E7BE80C,0
A73A00BFD0CB,1
C4D0D4BC3C71,2
AEEAA3035483,1
2B06BF6BB34F,1
D2B8F6D90BF5,2
9AD2509AB2C9,2
11E19826CE87,0
817E0B6A52F3,2
E5BBAA39C813,0
BEF707B6AFED,0
8E531BBEB810,0
58EF9941A317,2
B2B1179C3185,0
7D6001827288,0
5A591DFAEA91,2
7F2B5FD5500F,1
5A08AE3A4D47,0
1D21682B3BF2,2
75C4812EEE13,0
6E014F918D28,0
E943249FA564,1
61DABA5F9F40,2
44B38E1055AB,0
4402628A78ED,2
49B144D037D3,0
EEA6E1B5F92E,2
6F99BD6AE0FC,2
EE934ED76F0A,1
436FC6727903,1
50D227B8AA2B,2
990010F0F8F5,0
7C4F601C0E80,0
1C82F58896C3,2
CD5E553B4896,0
2AF72AE06402,0
68AE977F8911,1
BC3A4C269CD9,0
4A822320B205,2
C0AA67C62BED,0
E5A439ABBAC2,2
36CBF20B8BAB,2
C7495AE135F0,0
661B0BD17382,2
20B16627D158,0
A1CA83D9D6C2,1
298EC770FD30,0
1B9C9F0D20C7,1
DF5473F13E84,1
89A39579485E,0
32602EC724D1,2
D0A04989F6BA,0
070AD56F9C79,2
69E5BCCE16C6,2
854BF2607AE1,0
41F35F2A4429,2
30B59F64E2DB,1
603D1FB860A2,0
FCA2C18E05C3,0
F8EEDBB094E7,1
08FDF5C6CC14,0
BDC507998E07,1
0309FB91C68B,2
CCEBB0E1E230,0
72F20C38FC81,2
A2DCD0DF04CD,2
B15065E2E846,0
6448F9D6EDB0,1
7C0E96B73927,0
58B0AD1DA915,2
7743301264F2,1
E5DF9E6323C0,0
BD0A008BE5C5,0
191CB8CA57BF,1
167FEB2919E7,0
838A642A3700,1
86D5153BDFB2,2
1A36E2AAACB9,1
5F57D5A67336,0
C8DC8C4DA436,1
E7242784E33A,1
FFB3C0472B96,0
21D26A4E82BB,2
EAFB2951C904,0
C808317C3134,0
C771FEC56638,2
BD72EED72499,0
AD29CA1A1765,2
21675C284BA6,1
506F2561996B,2
756A9DBEF47A,2
43F2289E2BC5,0
C41818607148,0
C17EB45B6D9C,0
3749166A6443,0
B70102425ACD,0
F8CB15ECB76E,2
EA58A6C7D704,0
DC08C4B3F563,1
1DC4EF5C2AB6,0
3C52D3FAB3F8,2
C5DB496B2500,2
7A458741AEDF,2
20276FC7FA9C,1
BBA061BCDB8A,2
CD9C03A8F4DC,2
0DDDC027B760,1
4CEBA6C0F224,0
E90D0C66DF1D,2
548A4CCB53AA,2
79178A131A15,0
4161813AEBDF,2
0A75403B6378,2
DE3F3E7CB6E2,0
FFD3B3096234,1
489FE6E6D6A1,2
1194BE0617C3,2
01022E53D1E8,1
615177762F66,0
32A428A95C4E,0
A6D816B4BFAD,2
2E0BC2611622,0
95D840BF5E42,1
17B41234BCD4,0
7BAE9AAEE97A,2
D796DEE10AB4,0
CCDC30152685,1
E0276EC28B56,0
774E55B16495,0
0C9D94FCAFDC,0
ED2E17D2EF45,0
AB2B800B1943,0
9732976F8960,1
67F3FDF9223E,0
5F6E7163C991,0
2EAC0B4F0D6F,0
61154E66A869,2
BEB319328414,0
1F73B82C2093,2
5D55204985D5,2
B1F6CDD191E1,0
17EFD40F769F,1
646ADE0EEF71,0
0C181244019F,2
ABBF711F8C12,2
11EB7BB36984,1
EE665A738DDE,0
0D7B929491AA,2
7505F1EE60A2,2
91B57C76C874,2
A444E17EB877,0
145C1E0C11D6,0
A3229ACFDF34,1
9400F6CAD2E6,2
B9FB1EF11D4D,1
6DCECF549DCD,0
C667F86F97B0,1
EE8030FB89EE,0
95D3B49E05A7,1
2DF1B0EBB219,0
545A615E4204,0
2260876DDB62,0
70A907DDD368,0
61C0A0AB955E,2
405AEC87B543,0
A371188D742D,1
093701D0EE26,1
78C32A94ADC6,0
DED91F6EF20F,0
A4DE48230DFB,2
DD6DE41B6253,0
45D327F62F5D,2
47297F741F98,1
A94661EEAB8D,1
53741BFC4071,1
2B464EB5DEC5,0
8DAE5F29E69F,2
A754E3888181,2
29606B794BC1,2
44B1D876E3F1,0
926F3F99F6F6,1
0B4548281B57,0
3A66B8180C44,1
0841222BE674,1
FBF104555C11,0
99E4D999B9B6,2
9FD1E82E09CE,1
BDDA7FE2AC31,1
AF419823A7AD,1
1E6DD0808C78,2
4BE3709563E3,0
1F99EA613FD6,0
CFFC748D8B01,1
FDCF95130F08,0
36B6EE79BBCC,2
920E63AD4982,0
1E0DE6B535AA,1
2BAF21A27D3B,0
A59FE31AADBA,2
808DE58136F5,1
79BF051BB623,2
E100FD33504C,1
B164A5CF4E8D,0
2755AC52DE18,2
592E35FF4C5F,0
F5EBE2521402,2
22104871DB71,0
8E16CA967DA5,1
A82B92C3373B,0
CE46773FCADF,2
35AF79F2C92C,0
984450E1FAFF,2
5E99AE98F247,1
DEEB379EAC89,0
52387005A7A5,0
2D83AE1167CA,1
7D3EB44C8BE2,2
8E32B6B9E122,0
41413480CE7C,0
A4ADDCB5CA3F,1
9E8D0BB68131,0
AC233B8B13CA,0
2FD96B5B43E3,0
9F67CDADB277,0
68A4478C3EC8,0
9849C6B71C9F,1
971C52BC6A44,0
A4A00E5739D1,2
6AC42611F7F3,2
A8DB71F30AD1,2
506E587DC1AF,0
32BD0F674FBF,2
730CD1746E20,0
1388CA7B5E79,1
AD4BD7B2D902,0
38A78B0F84D2,2
95F0639A1749,1
C560C2CD12B6,0
84ED6689F5BA,0
DDFCD24B9A3B,1
02F6DAA82531,0
2D64880218C8,1
18538AEE8FE8,1
E5B4C93E7F8B,2
BFF0AFD143D2,0
33103AE9605C,2
AFC6C0D68A60,0
58C92508A809,0
544821D4EE55,0
77C5BF82F232,1
E58000BC9A2F,0
3022EAE9F872,0
754A3B2191D2,0
B2252A6FA643,0
493F51AAA276,2
B2435904AC91,2
71BB8F388AF5,1
1A88D7BF23B6,0
389CFBD7BAD3,0
6AD165057690,1
78B3533B6B74,0
2449C489AC26,1
277A7594FB72,1
CF000E40BE5A,0
3E0D37F556F0,2
591A29E3645F,0
CD778EE83B50,2
42F813DA3BCD,0
2DC2D5DED217,1
001983836496,0
F457A92E8781,0
C6D37C9499C0,2
9763BA796FDA,0
8D922E57113C,2
15DE40A380D4,0
B21084DB5594,2
DDC8F69F5A5E,0
D020C8034EBB,2
1E9377AB3802,0
8DE14604C693,1
F9BA8929C086,0
9EBEB4A6A135,1
B6045A13ECF8,1
5023CA03FC77,1
2BDB90CD8D5F,1
699503760CB1,1
71E319007E8F,0
E6F621C41152,0
4D548552C074,1
F4312562C69C,0
6F6CF055D5D4,1
48B23C717B47,0
9B2FCD703ED6,0
5BF592329C4A,0
668C592017D7,2
3E7F6C494E36,0
C5BA5873F556,2
02CAA7BCC0B3,2
8F786D151028,0
A853FBC22D11,1
7A69A3D7DB74,1
CAD8E0F60D59,2
D452F414AEE5,1
AAB9BDB754D5,1
6D9430AFE924,2
D2D2ADEF9A93,2
E4BB9580E8EC,0
2AAC20469D52,1
E8672325EF2E,0
F798419C4D51,2
35A5551419A2,1
B003A3C830CF,1
767B65ADA3D7,2
D0CCE7901680,1
BAFB6C739F2B,1
6C31EC4CC880,1
C8E35101A166,0
B32622FB7425,1
D9DE15D34424,1
25A2A25612A2,1
CC15A0AC1CE8,0
5E19A0900FDE,1
C8EB0C374A12,0
9EA390E3A171,2
159B15802E9F,2
9445537D8663,0
F7231B1A0E7E,0
9DCCB1D4BDC6,1
CA80D4B4D49D,0
C5C77D3FE9D4,2
E87D146BDBD0,1
FB7D04C3469E,0
FF1588C74A19,0
7305AC74F986,0
A0212E7E7585,2
4B195B773EF6,2
686D332C7CEA,0
DDAAEB4C9139,2
010AEF3FED26,2
361462244DBE,0
2D6DE12CE60E,1
D1BDD9329694,1
10DB747B50D0,1
701A2223473F,1
42576736F349,0
9AF7278125F3,0
0064953C5F59,0
B40E061533D4,0
8BD34F551E36,0
5944CC788453,1
B9BDEE2FB373,1
DEEA171B9E6F,2
0C2CCF40F4D6,0
9483505FF30B,0
E553D2063747,0
88CA13E94995,2
D967D1AFC8D2,1
6794497F3A77,2
C741B396A8D6,2
FE17C49D309D,1
773E2E0764F2,0
150808A400EF,2
C2FEC28129E6,2
45F4ABE7F4F4,0
FDD187F3EDEB,1
B44FC44EACDB,0
303AF8EA4BA7,1
1DBF47EB79C8,2
1932B2544F83,2
531594569163,2
91751F30E59D,1
C12A0B97EEAB,2
DA0CC6F57EC5,2
2B1C6E7C5BD8,0
662DD18A0388,0
A42D3D1A65E0,2
D82EEF6411AA,2
5F48B4F7DDEE,1
5B2BC8E4B2A7,2
F9B5200F4835,2
FFA24154F1B2,2
395EE1E7CCD0,0
E3E6BD2C8146,0
BC3E4035A485,1
69541E79D5E6,0
27799516B7BC,1
FCED13F6E110,1
F6D0461C634F,2
1F2FACBCD446,1
E7EAD89ECA83,1
B68758E506EB,2
67C0419EDFAE,0
F76C6EFC73FE,1
EC1A438C6BB7,0
1F8EB95DB8E0,2
05CD72A987C3,1
8D101C2CC6C9,2
8CC6475ACED7,1
53788B902066,2
24A0DAEB3D27,2
9835B81DD995,0
39802BCC4140,0
DC350267C3C0,0
AA658D2112BD,1
C96447233FC1,2
B64C2A78CC7C,1
68D569161967,2
B7864D9B5309,1
9CCD5E65B15E,1
DEDAA8D807D7,2
642D23FA8B16,1
AECEA5131BBF,0
93B9A616E85C,1
E7F8E3B64E55,2
44100FA910BE,0
7FE88F7DB6BA,0
C8F4F7D4F734,2
C85795417731,1
58346F67177B,2
A80C1D11D98E,2
73C78ED02B79,1
AF624C7CF061,0
F62EC1D62527,0
5033D30AB1EE,0
E7FEFD4462C9,1
827C5CC88E1C,2
7631A563A524,0
687653A3EA5D,2
C16410C86406,2
AE0FC4C280A4,1
C4ACA7BD42A6,2
516AE08379C0,2
BDBC25411299,1
388F23915E2B,2
E061C64AB401,0
0B5920E9078E,1
23D47CE4DE8D,0
809BA2BE0FEF,0
F8E7B338FEFB,2
8F2F313172AA,2
D8211B09AEFE,1
E15D7E01547E,0
E7E4FF0E5E32,1
627E2833396A,1
3DC0A85B1127,2
55F048314DEB,2
9D3F6E21FB78,2
9DF2A352C1DB,0
DCDCB26DEB1E,1
5AAF3C4CD161,2
6810FC98EE57,1
B5EF15CF67D0,1
BDBC43BEEC5C,0
EC8E29628E54,2
A8FE816ECEA6,2
66D094E072EF,0
0D06364D5A15,1
7B7E13C7541A,1
2B9780D3BF3C,0
E05F854C89A2,1
81D9D04A636E,2
3F98E64032D6,2
E8AB62B64B8D,0
1698B066095B,0
3B257762107E,2
4DF2982C398B,1
A46AF582D76C,1
CC8AF0A3832B,2
09712FBC9F30,1
BB85A09FBC6A,0
46B45EE6184E,2
7FA5C0490053,0
1DE30C25DC6B,0
27DE6000B352,0
35C24A4093AC,2
60185DE45942,1
4176D4744498,2
E9A9249C0BDA,0
3BD89C8F4F66,2
AE31B8BA82BC,0
EE14F1401CF0,0
D3BCC6EB61A8,2
A11190967182,0
B441FBFA66D0,0
F362806BC6E0,0
2283238CB3E6,1
C250ABA461E5,1
D2D4437BC223,0
217EAADD3491,0
E8C9FC936B4C,2
BE6942501496,1
B7948648E073,0
F227954A2370,2
C6243045C223,0
CCF0D1A72DED,1
7B8C25EA4B1E,0
68B7FF7B40AC,2
4A34A3DCCF13,0
1D5D1E43F891,0
5B7B83DE0993,0
524D3C49FAE3,1
2E0EF7183373,2
2D8F279EEFE0,0
682C7EF98D09,2
EB4C0EE7BB4F,2
6109F5249C10,1
348F62769B69,1
7950F3C3A200,0
5190EE1A2E01,0
80742FD86ED7,0
634CA2998CD4,1
8113B5812ABC,2
84EC3F93829B,2
DABF5090F2B8,0
AD056196D0BE,2
B7B865C09C22,2
B57A5EED60AF,0
BB225DD5F506,1
FE643B5CB51D,0
F5C1B65646E0,2
1528AC6B5AE6,1
0DF8D647B964,0
7BB6DC0CAD3B,2
000A54E6F5B6,1
E0A4D3FC5FE5,2
B546998C4934,2
E9E25B7418DC,1
ADE6ACF517B3,2
AE5AFE069962,1
1400310B75F2,1
998378C8CD6F,2
0152A988FFF9,2
1EB59F7B0DD4,1
A02DA3A5D4EC,0
8D4F1B4688A2,2
4D81B264E409,0
C62E972F233D,1
B165657CDE49,0
4FC0D3D391F7,0
9334895840F1,2
E4F54F9AAE17,1
EBD7C9CFD120,0
9D752ECA822F,0
065C9A45DD14,1
65CE41503960,2
A1087E528725,0
42F3FE79837E,1
F9C93103BB0A,2
3536889D11A7,0
C7EB42DFFA08,0
F4FA663762C3,0
5B87BD48E25F,1
7469DC6C4600,0
56695028D966,1
1AD1C7784D63,0
08115831DD2E,0
6579E95E88A8,1
403F5E9E210D,2
6EEB7F2A4248,2
C3673567AE2C,2
32B735DD7E22,1
9AA761D4A442,1
7B4492F2AE95,1
2B491C85E206,0
5F52E70E43FD,2
47FA95B4D56F,2
66D9F044D8ED,2
C5A7BB12AB60,0
9ACDBAF00630,2
77A841A442F6,0
94E1AC16FA27,1
CD286F63C829,0
FF5F1D1CC6FC,2
1664788BC6E8,1
16477AFC449F,1
F6DDB5B54806,1
F31E61D86CEF,2
0E5B86CD833A,2
247F289B2FCA,2
86EE004CDD83,0
B2419FFBEA92,1
B26F6CCC84BF,0
FCEC9D06A289,0
3258EDF1C5F4,1
18F803505919,0
792F20090C9A,2
3779964B1B4C,1
8A28C7DB636B,1
0DC0796E4BF4,2
18F2D796180A,0
6023C4C965A9,2
88865DDCFD8A,0
EFDF8D773F14,0
14578921BADF,1
EEAAB517C129,0
09E6E86B2178,2
E64A53F9D5C0,0
C96DE51BEEEF,0
C929B2D1A4AA,1
A73651127C7B,2
C1F5FC2801FB,2
B4682812209B,0
288CCCB31918,1
982F52FCCBDC,0
D8A65E6A9A9A,1
F555F5F06DD6,0
4C80C9DAC1F8,0
99B94EEEB99A,1
045BE75B863E,0
C3C2A68A134E,2
708FC3659DEC,2
BAF2804F4AFA,0
340509551AD2,1
7AD65F03AEEB,0
908319FF4D4E,0
328158E9E7D4,1
27019EE3B7C2,1
E739D64A0BE9,1
DCA48A9EC52B,1
72CE4250CCEC,1
E272A27E96C9,1
2453BB90549C,0
1E2182FF59DD,1
4E93CAAB40A9,0
6CA6E21C9121,1
84DE13E079B6,1
51F4952B932C,2
BA2E0E7B6C86,1
FEECD8E6FBE3,2
2AE5BF3B1A5C,0
5B0674149FEA,0
A4AF86ED6BC0,1
A43E55AC9D45,2
FB2F0B1E8C8A,0
D562FF2F801B,1
5970DAC262F0,1
6921506BA3DC,2
50FE980EC799,1
F910192FDE1A,0
348B81B2A416,1
9F9A9487A244,2
D62B3590A58A,2
F12ED74C4D6E,1
2C932BD837D8,0
04B1D1A7E49F,0
988EF4A217E5,0
CBFA94B57B85,2
D3B0D7302812,0
793A4305EDEB,1
D7931B49B2B9,0
3B46B052192A,0
F5AED1C81996,2
54880801CDCE,0
18739E4BEBF7,2
26667347AEEE,2
A44ACC1AA37B,2
54A5FDF2F398,1
596C76803411,0
B20CB29D399F,2
D94AF5B819D9,0
EDBBA6D38B4D,2
09E8A84D6E53,2
BA8AE4EB75F4,1
E50D77F0F514,2
8A9548F2D1E8,2
9F1F3B94B9D6,0
42045C68900E,1
E31BC33E65B2,2
1FA7A25618C6,0
D86EEBA6579F,2
4D4837289C49,0
C869514C6ACA,0
0E616ABF0586,2
FCC396E1DBEA,0
9616B2375D21,1
373132B812F2,0
E84D998DEE1D,0
E51FEB6104F9,2
788F9054038C,2
CA4C449E7D49,2
C0B4F5CCB621,2
ED112F849A12,2
11BAAAF4646A,1
54BA6F62D3C7,2
6BAE4EBBF231,0
685E049961F4,1
93D2B46282C5,0
58A84873EE94,1
73180A6FC6E9,1
6A7D04800472,2
12D1903F4B50,0
A7925B8F5D57,0
913F34237588,1
050D9DC78A1A,0
6F7DE4C74BCD,0
9FCBE09E7374,1
F957AA81FFB2,0
0907D793EE4E,2
9AF781278736,2
D74A6B4B10B3,2
E9D2978A3CED,1
3E788CEDD924,2
FA30D24BB3CA,0
4581C0735FD6,1
0DAE1E5F8092,2
A9F86EAF4913,0
2A2E8FD9F895,1
BF2530E220C3,2
455442A72AC8,0
23E9C94B5FBD,2
5614376770E0,0
9F2ECB04B500,2
3C7B521A24EC,1
B9AD6D2C61B9,2
43D8994F8704,0
672251756E99,0
F7FD28ADD67F,0
A3ADEDCED944,2
A25BB0134894,0
BA4C158A8E34,0
4D762FE86418,1
753AF92D1118,2
2FF70E6FB1C7,2
62FB0E26B638,1
DD1C7F38DEDD,1
0214C9A512B5,2
A6537852AFFA,1
81071366433B,0
0C9E58438A0C,1
EA30CCC6F39C,0
B4FFBC5AE786,2
2C0CECEEB082,2
680C14E5E782,2
C0D73832A445,0
068019592B20,2
C15498C3E14A,1
0F4EBF6E97E9,2
62A7FD158FCF,1
4C0F1470B65F,0
B11F85AFC5B4,0
BFE77E299FF1,2
BDBA5E03EA85,2
11F819784679,0
13B5B3DA0C06,2
9CF6F78B8EFA,0
56E7CBD5F77D,1
EB0E840675F6,1
AE8F9DED2E2E,2
404C7423F86F,1
D19E5FB3A26E,0
FA56FF602600,1
2FA4A27A5450,2
A7503D901244,1
5219AA3066AA,2
B3AD0D80DE38,2
783C282A9325,0
1532FC2CADDE,2
A38D91EE10BF,1
16BF0B0A0A4C,1
E52C314F7626,0
5420BE6A3D2C,0
60222A9406F2,0
55F67405B812,2
4B9DFCC07EE8,1
163CDA81EB76,1
22074DEEE26E,1
B86DBD24AEC7,2
5A3CBDB09591,2
31DDE60F541C,0
F42BECCC0644,2
C19D6B80D6FF,0
19A742F57407,0
DEA264E8A0F6,1
513A3F8D13BB,1
20F14746F2D7,2
E997BC3927E7,2
0AE0D371612E,2
8F9FAB041A22,0
00E89C53A9DE,1
317F23661BBC,0
08F6628B313A,0
47567787D02E,0
D6AD45B4C7DB,0
2842D1720081,0
9A775CFD8ABD,1
0E8E594951D1,2
480700A957E0,2
BF0DF9F4D754,2
C2C1035B0FB8,1
C99C70CE0D7B,2
C6B4654D07BE,2
6B75858BF197,1
C020C301DA54,1
91CAA717C451,2
2786B9F8FB49,1
F551BD5080C0,2
EC6047EA744D,2
3BB9E72285B6,2
0DFEF69BE5FB,0
495BFD78FC4E,0
71B8E7AA071D,1
5E3438EF56D1,2
4FAE3151A300,2
6F852627CA8E,0
61F6FE6CA6CE,2
4E3ADF235D73,1
7B246A7012EC,0
7B2C2866E58D,2
62E294FAA584,0
D0D5F052DF3A,1
EBF4EDFF4FAC,0
98C154C6214A,0
0EFB966F7736,0
7C0AF5B7D25A,2
F9FB8853D4CF,0
9843F47F2644,2
5250A15E05F3,0
F0C17C0AB512,0
7B16E6D6D446,0
7B3A44DB75C1,0
B15FF8CCA8CC,1
E7AE85F293EE,2
8D3CE0B35E50,2
4652DAEEA849,0
E3AE294B13E8,2
5B093D48B6D5,1
9E7C52C88772,0
DA9E7B69578E,1
ABE1CD06B34C,2
50681F676597,0
DAD156FF387B,2
8BFEB3BCE2ED,0
E22F964B342B,1
7659A774F40B,2
698D3B3777E1,0
A09B42FB8B87,2
8C8E8BDC2F56,1
166DFC8A6599,1
06B63C9761CC,1
668096246C9A,2
EB3941ADCB89,1
9D77E90418B5,2
0175CE81C884,1
C8642FA46E3A,2
F1D7E3AE44C9,0
A76A2BC2318E,1
CC38F720C336,2
E6FC6E9208F4,0
C08837462164,0
88DBCC9A664C,0
98F64D984AED,2
46DA2D3568DB,2
7D27DEE00F0B,2
C45113B1337D,0
82AAC40F07BD,2
E90030D5CDFC,0
00B1CB8E8BAD,1
D2D31B3B357A,2
8F6D0A97B751,2
8F268A232092,2
FAAB6BD2C2FB,1
D4B983A5A580,2
33B2367824CA,2
E4CC474DC1C8,2
CCD9ACA6F51B,0
DE52983B0496,0
72EA95A2EADE,2
F919981FF5F6,2
B89D4138A164,1
6323D929F747,0
B65A107C5EBA,0
9EC152C6D196,1
DF282129306F,0
AC553C27CAB3,0
E1B67E05277A,2
81CB7EB89E81,1
6C973D6E66D7,2
FF527FF3167E,1
E721BF9CE03D,2
123AC3DFC43B,1
C3F8DBC250F0,0
B08DBB1EE2A4,1
F516551B3FA2,2
B3AE7F945A3B,1
A6A7DFBB54DA,1
85681D2394BE,0
C4F2D7ABEB36,1
ABD210CCA50F,0
CF81AE63CCB0,0
3359516DDAC5,0
D7580F913DFB,0
90FB97590F17,0
9143A1051BDB,2
FCF164E7F3AE,2
A83C1A5F90FA,1
568D041D5957,0
5BC0F5319555,0
A0C6EE7E500B,1
9EB5BCACDD04,2
A0CA5B47B4F6,0
847775B18661,1
0CB7F6FD4456,0
9024C4F85C80,0
476E00259F65,2
0D204151D916,0
99871C825136,1
7744B3BB9C43,2
E48CB771F953,2
18B5A154E6C5,2
5336F0C64E45,2
4BBB003979C1,1
ADA081516623,0
203AD76EA278,2
AA0D54803E03,1
BB6B049BC9CF,0
4BC92D177935,2
0BE7FB3F46CD,0
C046225CFF43,0
EEE5DB8F906E,1
86E145E7BC39,1
A1411F4A4894,1
0BCA3E5B05AE,1
DA48EF540EB4,2
26FE559D3B97,1
F0542F08E3BB,1
9D472268B2BD,1
3667374F0087,1
5BEE64F3B642,0
80A43A398E8E,0
F023977D7DC2,1
E11EDB92B524,1
C430B2E53CA2,1
7F7D473EAD93,2
BE6101C18864,0
269A27B4EA2C,2
F726A0F79C9F,2
44471825B8A6,1
96B8203C4292,2
13E86B20E663,2
0E7D91C0EB1F,0
525FF7B72D09,2
30EE35C19109,0
38BB4A31B4B8,1
864A67BBC96C,2
F1C5E4C51C98,2
3000C43FCD1E,0
F4B1C212C0F7,2
1BB8B06ADD60,2
E96C18653324,1
A3565111EE22,2
E51B6DF4D668,0
752D78F200CF,0
7D3685D0A72C,0
069C5331B329,1
FA16F4B5F723,2
323AFA89EB34,0
907283922694,1
59BA5629A4C8,1
B95D99392D9B,2
9055DF78353C,0
7742D461B235,2
539E5E772B65,1
DF065F01C4F9,0
F24C879E6E1A,2
630B7D3D0646,0
B2D075F296C8,2
4E3A66143832,2
F6D93FE03157,2
CA072FC0CCB4,0
FB9AE769A1CB,2
D67A3D989388,1
699AD40C913D,2
B941C08F2BB1,0
046F99CF2E53,2
2C7E6657B8B3,0
228D8C06FA71,1
6ED183375EC5,0
3D56298CE103,2
0629527E70F2,1
B7D7DF151AAE,1
248C5623DE0D,2
1631796A0E39,2
F7629D4F26FB,1
3089AA9D6548,1
012EA14285B6,1
5B90D13FDC1E,0
13034AF626B6,0
8DCA4CB3B430,2
3E905139D8A5,2
DD4E3E990569,0
5065BECA29D7,0
8D819CA100BF,1
CE84023A232D,0
9DCE84E0E6D6,2
460532CA674F,0
90622F660218,1
903C8C28968A,1
07373D2C7E65,2
4A2A3C285F2A,0
ED5D566B74C1,0
062C63C40D14,0
8979241FB82D,0
FA24AB8C401C,0
7DC42385BA58,2
E0E165C39ADF,2
446A1EF718AA,1
D6153D2EB06F,0
3FEA17A63FBB,2
874427A7EBBA,0
D602179A0673,1
5AF4084030E9,0
8C0F6CC28A8A,1
BDF9FB7B7BC7,0
2C0BA439EB5B,1
72EFCBD15694,0
E7C552DA02D2,0
71A199993D7E,1
165D5CF83463,2
0261A65E4CC1,1
11120B255C34,0
A96D463BAB6D,1
B2291DE9BC25,1
4EF94D6AE2FD,0
FA82801B9238,0
C40EDEBCBEA5,2
0E164D8A33A3,2
06D924583E98,2
0992209B171F,0
E848F5610735,1
630CD57E6B87,2
0B67327E0DA5,2
A4D7215CD6EE,2
832554F34998,1
55EEA8387D72,0
7EB82C6C88FD,0
B2792B73E3BC,0
B35A678B6A4B,1
6415CF73A10E,0
3F8ECCA65F82,0
C7FCA4984968,1
6F5CBA35801F,2
7E475642A688,2
56169BFCAD80,0
C8045E233064,1
7564484B3FB4,2
81AEF6C31D8F,1
2638F84CC005,1
50C9EFF18D1B,1
B133F4BC10B8,1
B39E86BA1649,0
12C7E39AFBED,0
BF301190A086,1
B6C966E053D9,0
0F58E6F5BA7F,1
972BC21AD301,0
7D983B6E2CFC,0
29CB055E3A93,0
08C6C8BC29B9,1
0884BD4FB4CF,0
65A9EA5403DF,0
5F77A6FEFE0C,0
677AB34EBFCC,1
9A3825A16856,2
476D1F7B7A1E,0
3A214D45BA48,1
064D66F96E24,2
C1D7E3664408,2
073032BA2160,2
F20349823F9E,0
42153D7CD1C3,2
91157654D7A5,2
1636AFF9B250,1
0EA6A141BFB5,1
50B6BB8C709E,0
AF45D3FD6415,2
697633C24450,0
0E3AFAB9A908,0
45AA6A9C3D81,0
F0FD3432B15A,1
B92AC07CB7E2,2
EEB16FA682A3,1
1F04E200862A,0
33E54A6ED471,1
C97ED1D189D2,1
21B2671CE993,1
E74A8509E4A8,0
432533F4D13A,1
18DF9D1B32AF,1
69C415289E04,0
E76EC87C4829,2
06F8B1C23505,2
A9B5C742046B,0
1B968959F05B,2
71AB460EB80E,1
0B9F73EADBDA,0
BD3D920EA7C6,0
BCBB7806989B,0
44491D632C2F,1
BE9362EAC563,2
8BD51C9002FC,1
B9235595F060,2
5E1100E86986,0
FCFBD6875954,2
AE75B0FA0A1C,1
1CDCBD4F6CBC,1
72EBA94D8FBF,2
F77973061F03,0
1E86A4607559,0
2015E3E4A34D,0
AEAF5A59FA3A,1
9C1363D07DD3,0
B5994FC87755,0
1651932174A8,2
11CA03731782,0
10534FD72308,1
A0C712EB8575,0
50B64D060E35,0
4D98523ECB95,1
937F592D3FE8,2
AAA8F682633C,1
264138465927,0
23B66052802A,2
A51957A9977C,0
703E99D732E2,0
6C390943CD12,0
C46BB2672505,2
A245CC47F478,1
9FAF9D35252D,0
E75E03138342,2
303F2AF7481A,2
9EFC6FF056C1,0
208C1643E311,0
2B6A0D46ED1D,1
8303AE6680C9,1
24192F2DC3A2,2
6B26225CE44B,0
0A81FF4A5AC3,1
AD85022C779A,2
54239CA47A99,0
580D5F8EF330,2
A9EC40D1FA32,2
0F3D5517E4A6,0
8684D091C09B,2
96A0FD8A0083,2
FFF627F05CD0,0
60E11C4DC6A6,2
FF46E8E4BAF3,0
727497145030,2
B60A44EEDFF5,2
89A7A05BB05D,1
4B39826CA77C,1
46FC93293921,0
F1A0FA2286DD,0
C47326446007,0
ED39BBF9AADD,2
99F958D4C482,2
A7F869858056,0
4F67A6139E74,2
9A2BD2445633,0
127CE0093089,1
7E00ECF06290,2
B413AF9AE91D,2
FCCF0C059602,2
E576404BB994,0
49BF28590937,0
4F92AEDD6D71,2
3FD187E257CE,2
C717AEF6BB34,1
4C4A7F7EE55C,2
E81D97B1218D,1
6CE8466405FA,0
CE916D8752CE,1
D5B35E5EC7B5,0
41F0A6B56537,2
9FD0735E3405,0
493469D3AB2F,2
42676F6F4503,2
92897288D538,0
99835F55B20A,2
14BDAE640D00,0
6D3A2BB0A086,0
51D27FD17B8D,2
4A54F6520CA2,2
2B90FB771D04,0
1E5272FC1336,0
CDD9256F7D9D,0
2E8445C1D005,0
80489818F7C6,0
E867BBAF1FF5,2
872E92B3223B,2
0445EB7A59CD,2
BCA6E7128992,2
1CD14E969CD5,1
B7B2B71A2C39,0
56BD6FA98675,2
4A8C5BD87FE3,1
29DFB352CBFB,1
DBDE3AABEC65,0
4AC8A3A43CA9,0
1D47462CF6A5,0
B9EC978B2DE4,1
DF1DE7871B3E,0
1BE9EB31ABD5,0
C500A4621568,1
B7D70398A7F1,0
39856F249AA9,0
D9C58860473A,0
8DF78D0B06BE,1
FE7ED56240E9,0
27AC2EBB8643,1
86561C56B970,2
48401998B09E,1
AEA724911E66,0
8E353E0C2BBC,0
B075C86FE6CB,1
59E50FE39714,1
8E47B9776E83,1
85BD5B4E4D6D,0
C5709E3A46A4,0
1C3590E171C2,1
AC2822936A91,2
B24106CF79BE,0
1B1384460DE9,2
59A10D3D659C,2
20EE3BBE9536,0
F003F2A0FD17,1
8BBE8181D1A6,2
A33A77FB879B,0
730251FBFCEA,0
8555238E761E,2
9086844609F0,0
C2AFDB3DBC67,1
802C035D1270,0
0FB5CE14FA28,0
3A310956663B,2
B0DA2D7EDEF5,1
F97D45ABCBED,1
2A09BD5C77E2,2
87D187350E47,0
166F3355D7AA,0
33D8B41E52A2,1
0C7FEEB69B37,1
7B89D065BA8C,0
CA61CE957953,1
D34E1C8BA9AC,0
67499AE48D54,1
E35C5FF5FBBD,2
32CCFD077CF4,1
D7170DBD3A67,0
C02B6E41906A,2
19D3DB785F94,1
9D906A0F0D00,1
46E5D3948298,1
8B0E9C3948FF,1
AF873AB639D9,0
E8D01B85636F,2
27BBAF9C39B1,1
2FB5D1D2DAC3,0
F884124BD365,2
1C600CF2E260,2
77CE97293A4E,1
D1B8BC3C7D86,0
0F1D9FF2D9EB,2
1B45DE3FADBC,1
89BAB2BA81F6,1
3CF1363FF184,2
6E9297B7D7D5,2
ACF1DF991A4E,1
EC9397D9856B,0
05ECD2AF41CB,0
77CE9982EBDC,1
54F7C60CEE31,2
28A3D96A0133,1
95A7DEFCF7FD,0
C4055CC4C8CE,1
EB19AFF30F40,1
DFEED0220F1F,0
CA222824AC78,1
6777D1E8A26B,2
991FDB565FB0,0
10F79DBB54D2,0
537AC11F9EA2,2
DB9C5527223F,1
72839170C97F,0
DEACBBA2B53F,1
F6E01EFD150C,0
4C030E16F9BA,2
69F6559346AE,2
19273794D958,2
FC8ABF1BC025,2
4BE2C2030533,0
D74E9C5C4DA3,1
25D536E8A88C,1
AA74AFD3D4E6,0
6E72CF43D6FD,1
8B8E4C1FFFDA,0
690D08A13036,2
21A50604DF5E,2
933360C43D8D,0
692B0D985069,2
22F0801B9C72,0
8E2D35C38E04,2
EC057BCCDAA2,1
52543AEF848C,1
07F50CFF4898,1
104AB685AF34,2
31066D3E843A,2
8EB79D6001C0,1
30738E2C9FE2,2
4BC04F9931CC,0
9EB5ABD1AE0F,0
4D641CC77EFC,1
0CBAC7F13D7D,1
C15AA5E8F6B4,0
662326A5AAB3,0
9B768DA738A9,2
1EAF4324F1C4,2
6B1E4F3911D9,1
D4DD70361AD4,1
0D8572E98CCE,1
101FB5E17F0F,1
9D8DD3E3DC82,2
2510F25C7C44,2
26F81DCADFCD,1
E076EAD93423,0
F2605ED56797,1
49C08AB7CBF7,1
96897282CCB9,2
898AD82DEDAD,1
603998D72E29,0
D6A845AC971B,1
34F280D69646,2
6F6A0646E820,2
236AA46AEB34,2
D56E19434A7C,1
8CB16F7E5C73,1
2902280652C3,0
272313CA6A87,1
C02FC6B3A126,2
D52622269E46,0
654C8D850989,1
41BCFFCFE406,2
BD98BFB02402,0
7D476465F5A6,0
485E4219AD80,0
33036CAF0903,2
939B806DEE37,0
8A8FA66B3C6C,0
F7273E853735,0
5AD853809FA7,0
2FCF476A3DF8,0
01561450383D,2
63C83439E044,0
F0285F91973F,0
43339188A2DF,2
8F8F1E088FE6,0
84C869F7FFF4,0
2ACD6930CF1B,2
1416DAB7F2DD,0
FC4AB3A4AF8D,0
25087DCEF6D6,2
C8E4F134BB25,1
7C489A43FE88,2
4BDFE618290F,0
8E1264AAC9A4,1
5DFDB59CAE4D,0
1C95BF9E83A1,0
E72B04ADD207,0
F4F576208A19,0
084698167E7E,0
1298803D99EA,1
87BE240D2166,1
DCECCD3DDF37,0
53AEE466360E,0
6303ABCE5DAF,2
959F4696AEC8,2
247782BDA5C6,2
A497DAC6DFEC,1
A27F62E5C03B,0
8BA16CAC1D47,1
099B4A74D366,0
F8B96EE7B500,2
9BC60FC2ABBE,2
9356DC433333,2
D741D5158500,1
759FF6B552EB,0
D50E1839D528,0
9ADC5E41944C,1
B12BEF9AF2C7,0
5441F6B386EB,2
DAB2D54486A6,0
3E9D48FE3D08,0
77082580CB92,0
A43F29026DFF,0
6C3014D7B76D,0
12DC8A39DDA5,0
DD06345A6B26,1
816A3A34DA2E,2
6309392137D5,0
BAA22D77C3D8,2
8C1C4A478A3E,2
AA8F3D3BEC71,0
F5390C634284,2
A00D20974AA2,2
C3F9E6257C45,1
0084B71C0417,0
30CC55A1ABDC,1
6FE1682D072B,0
D91CCF4709D3,0
F98EA16BD2E9,0
91953BD9FF3A,1
3768B59AB200,1
A5E3009E2884,0
EAC2993DCC73,2
964A1281018C,0
5ACDFB2E367B,1
0ADCC6E0B8C8,1
55CA61B205BC,2
87E3675C2CD0,0
1FDC381698CF,2
54B06788734A,1
80F2FE8538C0,1
6B9AFBFB28FD,1
B0BC40733001,0
55AA7741FDF1,0
532DD8720BBA,2
2C0DFF8D2D21,0
FED244CED07C,0
E12647EF0B4E,2
2E15689039AD,2
57838AFD66C5,1
0D698E0BE76B,1
EC8ED6C35193,2
C5833B41DFBF,0
071382C82B35,1
CCA74365A589,0
D505830F0F58,0
E1E58FD868D7,0
0A1A10FD5C45,2
B6A07EE3BE7F,2
2A150111390F,2
97242CB924F2,0
0C58FE0DE09E,2
FEF3F69C0925,2
93DF16F55885,0
A5836F32F41D,1
000D27526185,2
0C60089456C5,1
4983BA3012C9,2
F2DEA0B14CF3,1
915D1087E183,1
BCC51E74ADA8,1
D818D496A1C8,0
93D631E462EA,1
57508DB489A4,2
D826E307B33B,2
663CDF4250F7,1
3F035910FDF1,1
E37420B34148,2
19000535B1AA,2
3F4779C64590,2
5CC76E289C34,0
49F0602940C9,2
808E12CC5A6A,2
D9C335B61DA5,1
1162A1C2395B,0
0E3B57046601,2
74FC0929A51D,0
7DC3A354E877,2
D730650F6B7F,2
1B83F74BA7B9,0
46D38B175592,1
8CC356AC1EE3,2
7105320538EF,0
37772A6069BE,0
493F8FF62CD5,0
405A4F90F645,2
40ECF4F63019,1
48E5D11315C4,2
A5B3FE519789,1
270A8C72C12D,0
7A0C1F54D705,2
A06BB2FA77A2,1
AE9FE221F435,2
A5C5FB0D1422,2
9117E1BA0987,1
D2CF2D476422,2
814DB78F0D36,0
B685E9DCDB67,0
7D2EE0C21DF7,1
5CAB14E17F66,0
20FF913D6821,2
D858186AB140,0
CC1B36B9BFF7,0
8BC8B78E5FC6,2
CBEA51CF7205,0
30E6EFBFCE50,2
2B9E8D1B8EA0,2
F074EBEF2B7C,1
8E0617FF2F0E,2
6B8AAE2D2A9F,2
C0F0580C3D38,1
2636C34BEA8F,0
1D51F7E98878,0
8EC4BBF7486E,0
464F9E605496,2
1FEDFAA99346,0
0E1B0FD3A948,1
C0A5F702C07E,2
88C262F6C8A0,1
17AB48A71266,0
BE2109BBD362,2
91263953B151,1
1F801830BC9B,1
0A1F5D59D8FA,2
B618A7729256,1
0C9ED51CD943,0
8E3890EB3D3A,2
4CBC53E01EB6,0
8E6020C0E8BD,0
3F41FEFA7B7D,2
F7DAE329FDAF,1
AECC37CF17D8,0
626EC98317FE,0
89216C93C271,1
39FB34647643,0
C309A4311E2A,1
DD27981D6D7A,1
3AF2945A2F87,0
69E642BAC318,0
5C2E4175D6C7,1
FD3966C621C7,0
4752892A329B,0
F7BC8337C395,2
1D969BF5CF1F,1
374FE0E2304B,0
ACB2C1B9F943,0
9DF3B1809C32,2
CDEEB91BEEF7,0
AA24FE871C86,0
84066AFACC40,1
659AAC8E47B0,2
752F8B36BE20,2
FE0C21B03FDA,0
B6F4259B6B27,1
06529A8942B8,2
D7D83538C36C,1
086BE2DC3951,2
1DF71BC53A12,2
664EAC39D82A,2
27F36437BE1D,0
48E99BFC32BB,2
5D7DE931FDCE,0
B5761313C1BA,2
B807329CBBBE,2
648AAD478D84,0
3D8590EBD61F,2
3CA526BFDA40,1
0C0CE4BCA274,2
F870BA5565EE,1
7A06B166EF4B,1
CAE9374B3A8E,1
A01D7949E88D,2
E3159E5A87D9,0
8D7E01400CE1,0
E3A45CA2EE9F,2
7C5AC40768E6,1
572B18CEF15E,0
C0C0B0E15A4D,1
57BB97216C18,2
B95305BA922D,2
2222977A6F6A,2
B7671E3361B6,2
A29190E51E41,1
BD099FE7054F,0
94AB4C23C097,1
F892D9C01BE3,0
842F3ED61128,2
BF87C8B59F4B,2
A687888094EF,0
96DD7F6C8580,2
B1460F359BC6,1
197E0B381265,1
7CE17781C7AF,1
32397C5D04BB,2
158B3F451E6E,0
77C1DFCE51CD,0
F2D62D1CDBF2,0
6BD7E1C9D622,1
893ED330C8E7,2
1ABCC92F2362,2
AF2947D02B10,2
0B82FF643C2E,1
2342A57AE14F,2
92CDBB493F47,0
6BB4F293B5FF,2
F4B6324B1328,2
2578AD4F9502,1
6D6CF6230A73,2
91E53D94A110,2
019B3084CD6C,0
4D2CC223C3C1,2
6C6D19BF7796,2
C51480F2DD06,1
417DCE653AF9,1
3491281B8B62,2
FDACB34033CF,1
FE514CAB327E,1
37665FF46A87,2
F931CA1235CB,0
F43A0449876A,2
4A49DFF17286,2
21EF41E51941,0
5C8C54F8BC98,1
2CEB86A40A9E,0
322140AA8003,0
974A9DAD730C,0
E45795A13EDA,2
BCFC2A817ECB,2
5A13D309A30A,2
32260893C6E2,2
3630BDD0DCFE,1
120518E0B3D3,0
EDF95D50C00D,1
9B0C02516BD2,2
1D810417CC20,0
3DD319C0BD28,2
8E124B832757,1
3238608634F1,0
4298218A078D,0
10DB6CC2F475,2
EB535560495E,0
F1CEE6643BC6,2
F08E5326949E,0
EF4ABBC2A87E,0
CC9E53807817,0
80E682A84B55,2
153AFB6D478C,1
B8FF832350D0,1
4594BDD687F9,1
6CA58DEB3BFC,2
59DF5E2FDDC6,1
126AA363E9E6,1
E0060617CE2E,2
3D83205F2ACB,0
F29E54E920FE,2
51FE6725FDD7,0
9C6FF60C2098,2
71360AD34E45,1
95C8A7034696,0
57BA55EFA7A0,1
2912DE1C1644,0
79BFD0BE17B2,1
4335E764D8C4,0
349FB8F35F95,0
1B1A17A8B91F,0
C78009E88FFE,2
DA82E15F560A,0
04497C74A675,2
DFAF70C84291,0
16E13FC4FB90,1
22C510D64275,0
8C50D4EB5D74,1
0C6BFBD62B41,0
14DD8416021F,2
7019C9686748,0
E1243E7603F8,2
C305D088AE09,1
85E9924330D5,2
DF809C10B3F4,0
04910748E2B9,1
693DEAF3591B,1
0E9EBD080B65,1
629EACD2F8C3,0
CF46E61CAD8E,2
648DB8A41186,2
69E25A45F1A3,0
8F667E61C414,1
5C9F468A4F8A,0
18EB73C501A7,0
F27F150E55E4,0
CE1612B6DCBF,1
E459D5E77789,2
C18AB3F99E33,0
160D5CECABB5,2
C207693EF083,0
F8B4276774A4,2
A00260D84F04,2
0F4542519CEC,0
EF06AACD3A80,0
E773E0E8935A,2
A56F7F29C943,1
EF7353EF404C,2
259885B7743B,0
43CE3A01E134,0
989BBC73642E,0
8D39B61E56DB,0
24AA03607C59,2
975B7857740B,1
057E9B4FE32D,2
DAC6541E1863,2
19A44FE55D49,1
32CB1EC00FA1,0
ADBF0C2808FE,1
B0983A426C68,1
B984BA459CF3,0
6FA3DFE6F98E,1
F6F5B2C0A8A4,2
0FF2EB1E06FE,2
864FB1CB4F5F,2
BA9EBAA2FC69,1
493C825A180A,0
D62F368D0DB3,1
804682FFE138,2
F13BFB71452C,1
75FA0754C872,0
8C20411EC746,0
52C6774291D9,0
C7612C7E09DE,2
7BDBC3FCF38E,2
413E5DBBE4E6,1
84199D4FA114,1
F5B3E9531B50,2
CBFB84959494,1
279F36A4A9F0,2
E9A656A6D272,0
19FCA5B3EF46,1
2561CDA139EB,0
DE995371B556,0
55E330540EEB,2
B38F0AF0315B,0
BF6C6F6DF6CF,0
284288998B88,0
94BE431F6601,1
CA0340CC42B6,1
3D587D3A228A,0
D1F980068749,0
A8719BDAFE0F,1
6150EEB9A1AE,2
31F9A9F23CF2,2
F4057F0D1A90,2
0A3281294950,0
BEEB2C3DE3AD,0
98048EFDC574,0
900C72A064BB,2
0636E9EE196E,0
9115BAA3E593,0
4583EBA9FEDD,2
A5B9D16F930D,2
26DF38C328FB,0
4834354771B8,2
A7B742152682,0
2541A12135EC,2
F1AFAF9C30CE,2
1930FF425110,2
30A8BBD0A8A2,0
B44682E58811,1
A4F18B36D4B8,0
5546C5402AD0,1
D02CD86DBED0,2
5FD1A0F8B76A,1
625FE848E6AD,0
B7FC896D2012,1
B3A14CAA61C1,2
6714D96C9BC0,0
DB836E3870AA,0
4B4CC3159C34,0
93E8B7B937C3,2
4DF0E2D8CBA9,2
D021621958B1,0
E4ADAA342571,1
60DD1192F1C4,0
75F28325FB94,2
905E23654A42,1
06A7CCE06C0D,1
51EFE0B2CC8A,0
FC7A496EF581,1
2AA69579EEFE,2
0A1CDEB48F5F,1
449A5F0749B0,2
432E2C67ADA5,1
0BC72CF29DE6,1
0179C00BDC7B,0
C5ACCB5B5E0C,2
7608E8B60275,0
222F6E2541DF,1
F3F3897BAE32,0
63607BFFEACF,2
4DB26276553A,1
96D5DA84E261,1
C8C4618B095C,0
6128233A3466,0
4ACE3C27CF7F,1
63EE6BFFD2E0,0
ADC59BF48D20,1
16216CC0F935,0
9D8F35A2466F,1
9BAE93F33FB9,1
C60AE5CEEA67,0
3D832718BFA9,0
A1D60F6E457D,2
C7F4F37F8FAC,0
498DA64A50BF,0
9577CEAA7075,0
9890489604A8,2
BE32DB010E91,0
17058092B2DD,2
016E189B9B68,2
DB61BD6CC2DB,0
1E89153EC836,1
63BEF60F9A73,0
2CB5973310A1,0
AE8F8B4D5ED4,0
B8BF945F59F5,2
E777B9AD459F,0
57A9E5A9A501,2
5738D969BEA5,1
03629EB8AD16,2
56D6643A2FA0,2
D6B336661396,2
240A1D9E14F1,1
801EF422FE82,1
5B2BDB4E2FBC,0
109AF3DFB6EF,0
993FEBB9D9C8,2
589A3B59FBA5,1
4C223B12DA6B,2
D4E11E2DF4FF,1
1D8F20BA6DE3,0
DBFBED70956E,1
2260FF5D9C62,0
8D6F463D0500,1
05D6EA1D6B31,0
E589F75FC574,1
A2949D9670A1,1
4554DD12DC05,2
E61AD3E416D2,2
97349F6BB527,0
4C26EB5BC5F1,2
D2230EEC0049,0
9AF575D56C65,0
22FA6F352584,0
EBACC4099F7B,0
296323461CD1,2
B1EAA62EDB1F,2
518E2C288D9C,0
39B86C444B40,1
1DB6B584D900,0
EEF8586E47C6,1
B22B2ACB2ADE,0
031B3F9F50F8,0
D0A6B4E14FB9,1
C6B2B2FE6644,0
57BD86ECE5F7,0
EC65E36D97C0,2
FE81B551F19C,1
CB08E2FE560A,2
A69208561E66,0
609AE53DC834,0
EC8C5D417A27,0
42C1308CBC3A,0
7E165C812B63,2
7A86BA28633A,0
273D60DE32C7,1
A8D6BA274055,2
216668B2C62A,1
248A15E10199,1
C7E26C611792,0
D3BB93925279,1
7571A05FA75D,0
7B8B8F7A1BAC,1
9A0E792998F6,0
625881DC9BF7,2
41157A6D5F4B,0
CF493A158732,1
BDFB39BE5502,1
851D189D1B81,2
835B7683F239,0
40DD3768DF6D,2
0ED7C3714C47,0
E2A9FD9A7009,2
093C8AA72384,1
8FDF93D288C8,2
236C4C21C4A5,0
884E08D062F3,1
4ED56A9BFDAF,1
EBB3081C6E70,1
DF30FCD03960,1
38B3B4E32D4F,2
9C09029AD12B,2
E42ADB29D892,1
06022A1EBD68,1
BCA79D468D2F,1
87EC196B5763,1
7449F1E44F9A,1
1AE65F46059C,1
D4DB65E91FE5,2
DAF273FAF82A,2
017E41FF2C88,2
A6649E0FB09A,0
990FEBBD5A3A,1
02C78D17C947,1
1006AB67F51D,2
8703DF3C36A2,2
06787CE50D5A,2
60EF3D74B5DC,0
7CE259C81054,2
4178D81F6F6A,0
60C07272B806,1
1C1A60B714A0,1
231725D7FE15,1
44CB9C84C2FA,0
B865F77014D1,0
B6DC5D0CFC26,0
BDCC96AA140E,2
21B0D13B5386,2
07F5C0C8B103,0
70407F9704E8,0
7DF051F1D5D3,2
B9A24770071E,2
DD5189A27B06,1
C800408DDC14,2
8C32EE23BCDF,0
DB51AD3B1F64,1
A2FBC44E4F32,2
EC9902D0F38F,2
D289DB113702,0
6DB525589974,0
57F0172060BF,0
E525FEE58070,2
FB010B905513,0
726331B4846D,2
D581E6F83C9D,0
C22553C22AD4,1
C36E790873E2,1
61A98077701D,0
C1CD2C54B0FD,1
BC6C715A1C1D,0
A07B1FB9FB37,1
9DEC0F2B1CE0,0
E315C6878DEE,1
AA393ABE17FD,0
3A3D0BAAF7C3,1
80B7356A1912,0
497CA3CDF539,0
906B4CBDF070,0
9EA0ADBE9BE3,2
7FE544219D2F,0
4727224A2879,2
A4BD2749E673,1
B80192B3CFEA,0
FBC3E929ABEC,2
CBA1F826E0E3,1
918FF3841811,2
CD786A9BD7F7,0
609A385C1881,0
1F7535B93983,2
6E5AEDA91BD6,2
79ED9FB81AEB,1
DA0FF01CCCF6,2
CBC2B8355366,0
DB0B82D7A20C,1
2C1D1C54CEC9,2
54F39F0271A1,1
2E499A4A40E3,2
08C61B18114B,0
2A25B85F5278,0
EB3597D2D4B2,0
B003E7FEE55C,0
12CD9B5EA825,2
81D657E74DBF,0
E3D642F187F6,1
B300F6768D27,0
B9E93FBB754A,0
9496ABFB6AF6,2
368F686B5738,0
C2BE7FCB1C17,2
A1027664544C,0
9252A43FC7A4,1
14E47B18B988,2
1C7F29877F7D,0
0AD14D865AE3,1
45D73E26D64A,1
9290DB30ACAE,1
BA0C4A1122D0,2
A5993D8E7110,1
061A1FE109D4,2
3BCAA08820DB,2
AF6DC2A5399A,0
33AE1A4B3172,1
E8BD4AE7BD5F,0
6A7737AA09D4,2
DEFCB8E80E57,0
A6C76E791779,0
B13F9D9D3CBC,1
1D6888554CD6,2
295F05522434,1
736BA6B7C243,2
C91EA87203E3,1
1AB2323AEC0A,0
859B397F95D4,1
936122602CFE,2
208AF9D94B59,1
8EF24F1B45F2,1
61F1AD8E24A5,2
6E027F2FFB26,1
B1285D09445A,0
01C41178A14D,2
0F05B5DEA2B7,2
28A3E41E8285,1
4920F46D6912,2
D185C5DEA6EA,1
CE0EC398207E,2
A948B56EF9AD,1
53A33ABFD91F,0
135B616A1E5B,0
33F79D4E3C01,2
04383CE45363,1
211759FD86FC,1
0FAC39ED961A,2
13AB1FCE319D,0
A5975E7EFE79,2
9E0615F10F14,2
A123B58A84BC,2
EC69B6F285B6,2
6278EB07232C,0
50C1EC3BC965,2
EFCD3AE88820,1
3600840B7044,2
AF0D42CBF0AA,2
FC6D779E9771,2
FEDEB8C36D21,2
F1EF411EBB87,0
FD04BFB08CF1,2
B051EEEABEF4,0
4492F9D59DE5,0
6EC219E86A7B,0
3945C519D2C1,2
8DEC1A03B325,0
209D0B628894,1
DDBC8BDEC52B,1
111BD773635C,2
4C0F69326A13,2
AEE4CA61F303,2
7397B2813AC4,0
89236BBC9D6A,1
6EA540BE1F42,0
050C1C1D3C56,0
90E54C363E1A,0
299C2874A1FE,0
1EB9636FBD2E,0
A603F4AC0DC2,2
26B71247CED6,0
799E7F10ABDE,0
5D2D2BDED3DB,1
8410E7CC87BB,1
856548A14C30,1
C89CFCFEA008,0
716CF3EFDDF4,1
074C0C98A6DB,2
7FFF0BADAD97,2
DE8FC3E44C0C,1
BEBCD095D27A,1
7C45F709AF82,2
930B75D6E024,0
F0ECCAE61AE2,0
128A4BC4C4ED,0
0E3083B1167D,1
A20C442FA35E,2
E49D94BCD030,0
11DE5DE66A91,0
F0F6A064868F,1
1A6FD052F909,2
6C9A50671816,2
30B9B0435408,1
50232E2F6FD8,0
0344938E38BA,1
2A17C7EC0D67,0
D3E966BA6826,1
4BA9BB4AFC2F,1
E774ACA1F433,1
1FB97296A58A,2
173142224C1B,1
5CEBF6978421,2
C14A84716254,0
B34428D8D569,0
8ECDFEAAC936,1
D74B79D3E71B,0
B6C179FF445E,1
9A9C6A59EDFA,2
93FB8C36DAAC,0
74DB127F0AB3,2
4A8E1CB4C357,0
64099A60C0B9,1
5EB749DEFDE2,0
3845B79855AB,1
70CB3A09C783,1
602203564493,2
BF471BB5199C,1
3C2D85A9A755,0
B5C4B59D93C3,2
C66E83764E2B,1
E4155F37BB82,1
D79D180C6F76,1
27471B742DAF,1
87744F5AF874,0
F8089C796914,0
FC6F88803BCE,1
7EFE4239A085,2
5D7D83F5527D,0
93D7DC2AE614,2
CEE5B867C0B2,1
65288E0D17AE,0
EC10C754C65B,0
CA7586992788,2
195CBED339D1,1
8EA8C008328F,1
59EC60FF99E9,0
5BF1C14522D4,1
12395F536DE2,2
BF490170A087,2
156E80DDC380,1
C6A46DF0494C,1
2CECCC904FCF,2
EE1E2C11D934,0
DA328F6870A2,2
E3AB2E1BD021,0
9B9406BE0EBD,1
F8921B3D6D35,2
B88735907328,1
880EFED20F34,2
2DBB63606C92,0
47C46DE2C827,1
85F584F0B550,1
6082C137F306,2
C5D108848769,0
6666BFB48972,2
74C2A945F0A3,0
90248408D094,1
5025156C80F6,1
7E8F0C1F7712,0
3140E084FB04,1
9F63871EC37B,2
B3CBA00EE09F,1
4ADEEBDD87C3,2
366629742AE3,0
0A93B6A9BC20,1
6830F6A18B0A,1
EED547316EB5,2
842ACEB76327,1
71B4C18FCED6,1
E2E7BB9C4E61,2
06B943FB5F57,2
1B6075C5198A,2
B26F00369CAD,1
781C3B6DE6DF,0
41B516E1DA8F,2
6E27666CD855,1
C5ED15562273,0
2E0DF6C2088F,0
7C18A20C9A37,0
E0AC791FE93C,0
0A4993BAA77E,1
4FD7879FC1C9,1
F48BED1D68A8,0
DDD9FDD470D7,1
3D1F1F9BE8AD,2
C47CB7F4F228,0
FE0769BA4513,0
16FB9C419A9F,2
EB96A1FECD2A,1
027767A4EFF8,0
DD1B5648E405,0
08D13C00B183,0
792A2A3938D9,0
521098E03E26,1
55D2C45FAD27,2
F9530B071756,2
654259B2B1A5,0
0CB0CC3C866C,2
E5F0ACB98A2D,1
EAB0E5445B71,0
C0059DC6B924,2
DEC07BE2A180,2
5AE3650E9840,1
CAE45FDBD5DA,2
DB3C5B95DD3E,0
88D70EC25614,0
25DAEEADE3AC,0
6E705CECF7D4,0
E82F9418760A,0
B0C768804B62,1
EE6DBAE7CDA3,0
5D492B7FFDDB,2
9475A4A453C5,0
AD5F127792DF,2
18F133C4B7F6,0
1EA983F46994,0
DB0AAE9F7B5A,2
88E8A4F256D3,0
5B3897BEC90C,1
502F1C86287F,1
2DC5B19DC412,2
D9657F7D7145,2
ADE566850F77,2
D15C43322979,0
F9129F0891F6,1
3A8E27774D4D,0
C915D8FD261C,0
68D7E0F3C41A,0
51DF8C0CE334,2
E27659DB976B,0
B3A11A77131B,2
B09429D906F5,2
E4A923E6CF1F,2
4AF8F47F9BEB,0
EF2BE6C9CE98,0
6F3981CA92EE,0
F29D9ACD7B6F,0
351DE2E5EE2E,0
7A407B62A582,2
6D634E1B95D2,1
FC7D7DAA8E6D,2
2A0FC0D4C233,0
BDC19B2456F3,0
03ACBDD7B85F,2
8CD8A81B0618,0
145F8D44A5EB,0
79214FBB83A8,1
3BD77EA10C0B,1
9E79E3CA3A51,0
ADBF11865299,0
E0C63348E3A4,1
C52F34E5C4B1,1
88AFA1126FAA,1
7CBBE11D1883,1
8CB33407EF93,0
1826FB118619,0
862C9AAC5759,2
F48D3B5FEB5B,0
7A97DE1ED7B6,0
6FB0154B1B44,2
142A80F51089,1
8A23B4B8DD40,1
F7B923A9027A,2
3E273785DB9C,0
51D3B54F37D3,2
D6F287B18B0F,1
DB440CFE44EB,2
C3127FD05885,2
58B791752080,0
DA84B1B6FDD6,1
D84344F30BC1,1
0AD1619425BC,0
5DAB3FA41423,1
47F090C771CC,2
8E281B9E246B,1
C5E58050A81E,2
1D48DE40DF20,1
95F21687C8E9,2
1A1270B1ABDD,2
BC86D5CDAEBF,2
D28E867A6374,1
2BBA739D1267,1
AC5A0FD60CFA,2
3462167DA2B8,1
1A412CAE7CB2,2
B8371B914712,0
67532A732073,2
DD3DEC4BB3D7,0
FDDEAF35CE51,0
F8BE1D2AAA69,2
A35E271E404B,1
135C33391249,0
FFAB2B2D7527,1
0E84079EA6A5,1
21113F83FAF2,1
D73F8FF3F28C,0
7FA4DABB6F5F,0
78ED93948CE3,1
C3269FA61A2C,2
D3E59F848654,0
67ACFAC3B779,1
4A214A185662,2
326A7AC2A8D9,1
ADFB8C9A3535,2
23C4D2E48E3E,1
34F4658AA716,0
30D7BAD4C4E4,2
60825C6CB269,0
8FD3D8857545,2
3F570C9A68D4,1
AFF5A0A43149,2
039B67F994BE,0
8AFAC1EF8B57,0
B5D3142F5248,0
22FEC1F93A71,1
A5C05FB8763E,0
7763F0D2C679,1
CFFFAC64B8B4,0
760601091AC4,1
B6D6A5A8545E,1
28B5B288609C,2
A352B26239EA,1
D88459428D79,1
7B236D99B0A0,2
362E846D1975,2
2C1E5DC68BDC,1
9479EE4BCF4B,2
4F645927418A,1
DC8D51704CAB,1
57614E8ED3EE,2
E58ABDAA75A1,2
3B0F97822FB3,1
4CBD07398901,2
F58ACD897F3C,2
8D077BA09B5B,0
BD256E8716F4,0
B04D471EB491,0
8DAEDF832F91,0
B332420C2FF1,0
655A1BCB614C,0
12BC9852C16E,1
387537203510,2
667412149036,1
EC5812D10507,1
ED50090D3FD0,0
A26E3C15B1D9,0
7C2E530F5AA9,2
C1FEC1D2E153,0
D3C2C6BD6BE5,0
9B3ADDA8B994,2
33CB4B7DC701,1
53A6280F0051,2
72B8F178DBEF,2
52113EAAEB5B,0
5D1DCD843B4F,1
46C5526A3A14,2
9B04494B5204,2
42BC6C047887,0
15EA661032A6,1
3171F20FFCE7,0
CD773F8D23C8,1
2384D36C1719,0
B7E23DDD481B,2
72E4C50823DF,0
564E39CCECCE,1
FD58B8BC5BCC,1
0E45E61D6847,1
5D227FC4055E,0
FBA77DDDFDEF,0
0D7728654C4B,1
69E4D7619F33,1
B5A807746F35,2
AC9FF60CF382,2
7581F71CB70C,1
1F36FCE579B2,2
1B95751E3AA9,2
1C0C8557587A,0
BF19B31F2033,2
0E5EF0874583,2
EDA0A0C7B227,1
A57F7776691C,2
5B2AB34AA0BB,1
2A418682FC99,1
3DD35D7DF999,1
99C805C9D520,1
EFD5CADDCCDA,1
C4CC6CF24E0A,0
A4C22F9516D9,2
57B991B659C2,2
5194AF5F00CB,2
E25CCFD36661,1
10EBB8F0A811,1
BC5669B3195E,0
E3BA0F9B8860,2
D05306DC67E4,1
83D3AD6D4086,1
D8DE77447A79,1
131BA20C01FE,0
BEC7F73DDDCE,1
828015A7F7CA,2
F5BD3F561E8F,0
E4B8118631CB,0
22FA34077AA0,0
313B79191BFF,2
9E29E442690A,0
EC5FEDA3BEFA,0
6C462BC5262E,0
21EB716C5377,1
A37197DB4428,2
FCEA1AD028C4,2
6817D93C527C,2
059A70A82974,2
BD86E1B39105,1
249D9BBA0FA9,1
993260E1D583,2
C4F50C7371BC,2
CFEED7E154DA,0
9E5A8CAD7CC3,1
248D2696920C,2
BC880C3F6060,1
A15B18EB182E,2
3922BE2DB46F,0
CD1B4E6DD55D,0
DE8FF9064FD5,2
F1719C6FB878,1
C09BEEC66B7A,2
BE1290859883,2
9EA551FB5A3E,2
9C0637DAC611,2
704E580B406D,2
8C4204901F13,2
ECCC494BA112,2
A2CBE92724C6,0
2CD85C198078,1
24B1523FCCE4,1
D13777344207,2
B18D7AC00C70,0
FA7D1B14663B,1
B84BD9BC5EC0,0
9A4B2F72F72D,1
E196BA8B5F65,1
8E9595B7D3B9,0
418354ACC6F3,2
40FA9C559955,0
7E9EFEAE6A39,0
E5F3CE99123A,0
77E0B73A36E4,2
7967A33598D9,0
69AC44149A66,0
6C6642C4D878,1
2417156E839C,0
14E6F0299D24,2
BC9004A0BD88,0
32A29B7005D7,0
1583F599BE12,1
795ABDEA6F7F,1
E1EA21C43592,2
F4BCEE7B41B7,1
28B5E4FF8BB4,2
4A058C7C79C2,2
E37742A10A47,0
93CFCE37F091,1
1D7DFE127958,2
ADE692102318,2
FA3338C2BDCE,0
EF759FA6334C,0
04F8D4BB4BE7,1
6889CDC5D2C3,1
B0C25995D2C3,0
34CFD7A310A7,2
D378E11076B0,1
D8A10099319F,0
C0A5EC7B245A,2
E299A4E77410,1
9B3D3611C52D,0
C21AF8193930,0
170B5A59DA37,2
AF3BB607CC78,0
2F74E79B9B59,2
C95F2B5B52AF,2
0ABEBE2052D0,1
085CC1BB12B7,2
A07A799F65BB,0
B916F0BBE533,0
6F1A9EBBE7C4,1
76E768677C05,1
865C47D73DFA,0
5F1224C8361E,1
78867CF01D58,2
6787FD1EC488,2
D3238860BDFD,1
CAEA2EEC6D13,2
1DA84C5A2F04,1
31BFA3638436,0
9E918F0BA398,0
69E374E0B2DB,1
B3CF06BEC27E,2
26961474658A,1
6ED1B8B47F87,2
81A0A159CFAA,0
BA0E8C884AFE,1
AA90FF6BF2CD,2
5140EB73ED18,0
84D7A1574D79,2
CCEB9158FFA8,1
D7DAA506F75B,1
6DA21A91307E,2
41CB027941D7,2
7D3936AF7CF9,0
34F925D7F233,2
63C9890B7E8D,2
174E03B93B86,0
23EA281EE966,0
D0BFD32FF4A0,2
FC60157E1113,0
159613D01D56,0
C7619548B79B,1
6E77450FD664,0
7F741E9890E4,2
15C39622F515,0
A5C7E358CE19,1
BC841FCBA9F9,0
51BB341D30D5,1
283CF99766D4,2
42D007A0E98C,0
7C05CD4C61DD,1
CE2CB47EF222,0
9C9DDA1E07DA,1
CA960F9C5EC0,1
96F31E802374,2
8CE6F197AC47,1
058B0FDF5E37,0
7863F60FB0D7,1
B85D1A0E4AA0,1
B0EAE644D37B,2
FDE8538BAB4B,1
889EE9B7F1D8,2
49C333218C91,1
B94EAE62E7FB,1
3D131D4151BC,1
EB1A15DB6910,0
8A1229A46471,2
48DFA034DF9A,1
A0A4F3561762,2
18D599F969A1,2
30E8E295AEF1,2
754E5CC68754,0
86098EBE62F7,0
5713A1275617,0
E10DDE374DC2,0
FDF476ADC905,2
2191656E6757,2
E3C8EF247D3B,2
1DA45E7B2FF5,0
30156990DFC2,2
0B65032F01F6,0
07F82AF050FE,2
AF92213F5619,1
23C3D062C626,0
C7977E07CE4B,1
A40F8AB1ECC8,0
B5C6CFE8096D,2
882141AB666B,2
E250CDBE7DCE,2
FDD05898B779,0
20F394A1882E,0
40ED70D82F0E,2
372AA2F38B4C,0
5B6A95EBBA56,1
8B8F50D027CE,2
E913A3F8A67E,2
67184696A806,0
17E21BD33614,0
20BA4EE16295,2
5E61B8E423D4,0
E18C82209B5F,1
0D0AD8A9841B,1
A107CD74D211,1
EBF7E201218C,0
42043381AAEE,2
105FC7826613,1
9D081BDA72DD,2
B67880C330C9,2
422ECE3B8037,2
897D8622E114,1
7397212EF4E5,0
EC313F29D7B0,2
4A4B58938DA1,0
AE482D31E835,0
DE3708F5A565,0
6F93167A8829,1
7A5F3D904700,0
C1B608C2F9E7,0
DABA665F700A,1
33FD148FA39E,2
4895970A1440,0
3501563F4FC5,0
D57ECFF028B5,0
6C5D7A065B58,0
0CB393FC0356,0
CA01BEB7AB58,2
0D18CF0B2117,0
510657D21965,2
59266A7783F7,0
4F5E89EF2EB7,0
1A64FBDCC6A9,1
A2F507DEB032,0
978D4DC7F546,2
EAA15AAF5397,1
D8368AF0D9DD,2
6760E1DE7B74,2
97C1673D3E34,1
B4AE837C0CAA,2
8546398D6379,2
F45341F43691,0
3BEE55A5BE0E,0
CA746A863D0B,0
CCDD5A97F7B4,1
7CC6B1356E2F,0
03EE4914D19C,0
F0D7AFE5D59F,2
AFC15A58B897,2
D61DD7C235D2,1
4600D8F6E0AE,0
4B1E06EB465B,2
8750EE07B7B5,0
76D88DF3A62B,2
A32826D30069,1
605D48966BA9,2
140034CC4D30,0
3DE3F742906D,1
8EA9D687047D,2
B205A4C3FB2D,2
BAC59D0E4441,2
A4250B783F09,1
CB6B4B659E1F,0
D3728C8ACA6F,0
D02D1C4E3C98,2
2FE601B753E3,2
47C345653580,1
C4BA36F91C3D,2
45B079129AFC,0
9E8E5DEAD2C8,0
2DB589139078,2
47CBA9474165,2
508141F2B8A8,2
ED229B143DDB,2
8CE82186B234,1
93B64C6AC680,0
E5F7696D22D4,2
EAF0C2D1E59A,1
DCBD404AB8C3,1
E89F229E4C40,0
A00C252B3224,0
2EF99FA31B77,0
3444291AC6E7,0
14DA9A11C3AC,1
C9A1AE9EF77E,0
92BA31CE5060,0
2FCE056199CD,1
89C8F905726E,0
61FE2E0A4F12,0
7318A464477B,0
7736BFCF22FE,2
A1C29D259775,2
D04F47732524,0
34B35C875B3A,2
081E9BA9CFEB,2
3CF2A4F8538E,0
884AD012D1D4,2
14FF91FF9F55,2
44768597DE0C,2
FFB7200BDC3C,2
F7EA30B967E3,2
E84CA6EABA1B,0
70EB48AAB1EC,2
1F41C0970B76,2
919AD46AAC2C,1
3CC1D09E2DA3,1
1891AE6D90C5,0
89E857DE8E18,0
2C26E099D71D,0
FD27A5CF631D,0
9994784EA730,1
FB9929716242,2
47A8EB2B89DA,0
E721759E0DDA,2
7AEDEF5E1F33,1
20E82298343E,0
F99BF0F178D5,2
0D6A1EAE1DE9,2
17A2008C0A25,0
AFD0180F6E2A,1
8D7A2EC298EB,1
290897280CF4,0
18029A8AA137,1
4FC56EDE7AFA,0
97753F2AA396,1
55A620224866,1
ED2FB3AE95A4,1
F5E33C7B5920,2
8AFE23858DF9,2
1EF0501246B8,1
E9485739A1B0,1
EB562C20DA38,1
6EB5C04FC9E5,2
D519871AD1F9,1
49B9012C1FB9,0
800D745A0417,0
CCDD97B7D9B2,1
04AD4202EC1F,2
0D45105024DA,0
3A5E2A136113,0
258F257461D9,1
C071CC42E90B,0
4D14BE2084BA,1
06077A798C78,1
909D89ECB21A,0
66074C24F491,2
51114C30D0C3,1
DA210989DDBC,2
5651FE0FF1D6,1
1C74FB5AC742,1
64BEAF552D55,0
A959F6EA0D45,2
437869D4DD0E,2
674446C44C1C,2
5F8986E3D3CA,2
EBD1DA4E723C,2
FE06B76249D3,1
541D43408E06,2
566A7277D47B,0
518A299B386B,0
7134599BA59C,0
6BEDB0F867D8,2
98ECB1073CC3,0
62484B200A5D,0
B73309F9DD30,1
075F726D9617,2
52D5DA216A5E,1
1B755262997A,2
7CDA6AD086B0,1
578B7103434B,2
5406949DC5D4,2
1A33153B9860,2
9E93B098712F,1
5595188D09D1,2
3B076BAB6E67,0
77A940FC5481,1
89CE38559E83,0
26C304E209D3,2
8C385FF3B9BC,1
4B4B2EEF5B7D,2
A5A6FF8B0173,2
E15761F06A26,1
6324FB009841,1
9C1482346E3E,1
FA902565FBB1,0
E108DEE1FAE9,1
05E8DA065470,2
9DC7772CEE63,2
18310F7676DF,0
9EC3D39125D9,2
E4C1C6C61CEA,2
05947D837722,1
F9F4C6E7B93C,0
EB79181648CC,1
C9E0FF284699,0
B6D9025666D5,0
64FCD1733207,2
F096F479B35E,1
A4A0F2368F48,1
8C1B8D7C84F4,0
65E095AB7157,2
C3B74BACE290,0
21ABE9B1E90F,0
17361416E4C6,2
B39AC2003B72,0
6993D0F6B5EC,0
FF719CD5B6C2,0
851472F111AB,2
D4D5EACD3CD0,1
463C31BCA783,2
9AD62B710039,2
0A31D1EB8568,0
AE95EA803A55,2
7DFA1C850563,1
BFDD58760B9E,2
B1B7484B7EEB,0
CF3C2E4758E4,0
9159B10A6323,0
285AE5A275AA,1
AB2F9D81922A,2
24942BEBCEAE,2
DC0F82C1461F,0
6E250FB921C2,2
E533C1755F8F,0
511284038DA5,0
15234681E3A1,0
16392250E925,0
B56143B6064A,0
8C95B8966FEE,1
E31879AA7B85,0
982ED5012A20,0
977FA8E164D1,1
9EA11BF2936E,0
00991E3F15CD,2
0CB43A35E9D9,2
B436223BE654,0
41573E8244A7,1
0516DA997CDD,1
6752AC01B04F,0
D4DF093450C8,2
7967A1FAACA5,2
64F2176F8798,2
FB5C6B9C790E,1
13A36606D01B,1
04C40C9CD7B4,1
2468F79DD500,2
52D85802B6AC,1
27EE27B04FA9,2
6D4E1DA8208B,0
5EC6AA95D0E0,0
8B3AFAB70C37,2
8021474783F8,1
101C807557CA,1
9DDF228D3DD4,2
D3B4A4A4A0B6,1
5E5C66918D4F,1
F356AFC75B44,0
6D8528C30FF4,0
9C42208277EA,2
8D9852B59FEB,1
E49C446FE12B,0
78D2F477090A,1
A68B10A537B5,1
BA310537AA19,0
FE040BCDC30B,0
344F92F0DD65,2
43B20FA73C38,2
F6F357F1DA19,0
F9C890488118,2
59402D2F6C24,1
4C3512472571,2
F1F422D11964,0
E174967DD894,1
69A3D648371D,0
2CCB8CD21CCF,0
5FB16586E644,2
46D81B0DC1C5,2
1ABBC519D568,1
6EE5840ED128,2
593024D02B22,2
7CA4CD2384F7,0
53DD5827AA76,2
3BA38AFC2BC4,0
3E9C1C633A09,1
FD0C275B8621,2
5651C6E71AC5,2
7921DDDE533F,1
851C04BE0EED,1
68FC43E7E0B5,2
7B2C675DB008,1
D52ED56D4A4A,1
D15DAB849AA9,2
ACE0D4BF4190,1
487FE3C78365,1
F2F6BCCB14F8,2
6F40870DD14D,2
4EFA665EC06A,2
2300505BBCBF,2
E6AA84AF5E38,1
F6833A159331,0
8517BCA8DCEE,1
368D23699ACE,1
B810C4263509,1
10204F8B8E86,0
